Season,Week,CelebrityName,Mean_Rank,Min_Rank,Max_Rank,CI_Lower,CI_Upper,Status,RuleType
1,1,John O'Hurley,3.435,1,6,1.0,6.0,Safe,Rank
1,1,Kelly Monaco,3.537,1,6,1.0,6.0,Safe,Rank
1,1,Evander Holyfield,3.511,1,6,1.0,6.0,Safe,Rank
1,1,Rachel Hunter,3.539,1,6,1.0,6.0,Safe,Rank
1,1,Joey McIntyre,3.531,1,6,1.0,6.0,Safe,Rank
1,1,Trista Sutter,3.447,1,6,1.0,6.0,Safe,Rank
1,2,John O'Hurley,3.723,1,6,1.0,6.0,Safe,Rank
1,2,Kelly Monaco,2.489,1,4,1.0,4.0,Safe,Rank
1,2,Evander Holyfield,1.796,1,3,1.0,3.0,Safe,Rank
1,2,Rachel Hunter,3.724,1,6,1.0,6.0,Safe,Rank
1,2,Joey McIntyre,3.678,1,6,1.0,6.0,Safe,Rank
1,2,Trista Sutter,5.59,4,6,4.0,6.0,Eliminated,Rank
1,3,John O'Hurley,3.126,1,5,1.0,5.0,Safe,Rank
1,3,Kelly Monaco,2.36,1,5,1.0,5.0,Safe,Rank
1,3,Evander Holyfield,3.369,1,5,2.0,5.0,Eliminated,Rank
1,3,Rachel Hunter,3.188,1,5,1.0,5.0,Safe,Rank
1,3,Joey McIntyre,2.957,1,5,1.0,5.0,Safe,Rank
1,4,John O'Hurley,2.0,2,2,2.0,2.0,Safe,Rank
1,4,Kelly Monaco,3.0,3,3,3.0,3.0,Safe,Rank
1,4,Rachel Hunter,4.0,4,4,4.0,4.0,Eliminated,Rank
1,4,Joey McIntyre,1.0,1,1,1.0,1.0,Safe,Rank
1,5,John O'Hurley,2.217,1,3,1.0,3.0,Safe,Rank
1,5,Kelly Monaco,2.285,1,3,1.0,3.0,Safe,Rank
1,5,Joey McIntyre,1.498,1,2,1.0,2.0,Safe,Rank
1,6,John O'Hurley,1.49,1,2,1.0,2.0,Safe,Rank
1,6,Kelly Monaco,1.51,1,2,1.0,2.0,Safe,Rank
2,1,Tatum O'Neal,5.434,1,10,1.0,10.0,Safe,Rank
2,1,Tia Carrere,5.42,1,10,1.0,10.0,Safe,Rank
2,1,George Hamilton,4.77,1,10,1.0,10.0,Safe,Rank
2,1,Lisa Rinna,5.181,1,10,1.0,10.0,Safe,Rank
2,1,Stacy Keibler,5.421,1,10,1.0,10.0,Safe,Rank
2,1,Jerry Rice,5.387,1,10,1.0,10.0,Safe,Rank
2,1,Giselle Fernandez,5.47,1,10,1.0,10.0,Safe,Rank
2,1,Master P,3.828,1,8,1.0,8.0,Safe,Rank
2,1,Drew Lachey,5.467,1,10,1.0,10.0,Safe,Rank
2,1,Kenny Mayne,8.622,5,10,6.0,10.0,Eliminated,Rank
2,2,Tatum O'Neal,7.67,4,9,5.0,9.0,Eliminated,Rank
2,2,Tia Carrere,4.932,1,9,1.0,9.0,Safe,Rank
2,2,George Hamilton,4.832,1,9,1.0,9.0,Safe,Rank
2,2,Lisa Rinna,4.414,1,9,1.0,9.0,Safe,Rank
2,2,Stacy Keibler,5.023,1,9,1.0,9.0,Safe,Rank
2,2,Jerry Rice,4.862,1,9,1.0,9.0,Safe,Rank
2,2,Giselle Fernandez,4.944,1,9,1.0,9.0,Safe,Rank
2,2,Master P,3.347,1,7,1.0,7.0,Safe,Rank
2,2,Drew Lachey,4.976,1,9,1.0,9.0,Safe,Rank
2,3,Tia Carrere,4.833,1,8,1.0,8.0,Safe,Rank
2,3,George Hamilton,4.275,1,7,1.0,7.0,Safe,Rank
2,3,Lisa Rinna,4.527,1,8,1.0,8.0,Safe,Rank
2,3,Stacy Keibler,4.755,1,8,1.0,8.0,Safe,Rank
2,3,Jerry Rice,2.95,1,5,1.0,5.0,Safe,Rank
2,3,Giselle Fernandez,7.535,5,8,6.0,8.0,Eliminated,Rank
2,3,Master P,2.283,1,4,1.0,4.0,Safe,Rank
2,3,Drew Lachey,4.842,1,8,1.0,8.0,Safe,Rank
2,4,Tia Carrere,4.032,1,7,1.0,7.0,Safe,Rank
2,4,George Hamilton,3.091,1,7,1.0,7.0,Safe,Rank
2,4,Lisa Rinna,4.121,1,7,1.0,7.0,Safe,Rank
2,4,Stacy Keibler,4.234,1,7,1.0,7.0,Safe,Rank
2,4,Jerry Rice,3.404,1,7,1.0,7.0,Safe,Rank
2,4,Master P,4.866,1,7,2.0,7.0,Eliminated,Rank
2,4,Drew Lachey,4.252,1,7,1.0,7.0,Safe,Rank
2,5,Tia Carrere,4.67,1,6,2.0,6.0,Eliminated,Rank
2,5,George Hamilton,3.142,1,6,1.0,6.0,Safe,Rank
2,5,Lisa Rinna,3.429,1,6,1.0,6.0,Safe,Rank
2,5,Stacy Keibler,3.462,1,6,1.0,6.0,Safe,Rank
2,5,Jerry Rice,2.81,1,6,1.0,6.0,Safe,Rank
2,5,Drew Lachey,3.487,1,6,1.0,6.0,Safe,Rank
2,6,George Hamilton,4.213,2,5,2.0,5.0,Eliminated,Rank
2,6,Lisa Rinna,2.723,1,5,1.0,5.0,Safe,Rank
2,6,Stacy Keibler,2.977,1,5,1.0,5.0,Safe,Rank
2,6,Jerry Rice,2.116,1,4,1.0,4.0,Safe,Rank
2,6,Drew Lachey,2.971,1,5,1.0,5.0,Safe,Rank
2,7,Lisa Rinna,3.644,3,4,3.0,4.0,Eliminated,Rank
2,7,Stacy Keibler,2.546,1,4,1.0,4.0,Safe,Rank
2,7,Jerry Rice,1.327,1,2,1.0,2.0,Safe,Rank
2,7,Drew Lachey,2.483,1,4,1.0,4.0,Safe,Rank
2,8,Stacy Keibler,2.177,1,3,1.0,3.0,Safe,Rank
2,8,Jerry Rice,1.734,1,3,1.0,3.0,Safe,Rank
2,8,Drew Lachey,2.089,1,3,1.0,3.0,Safe,Rank
28,1,Kate Flannery,6.542,1,12,1.0,12.0,Safe,Rank
28,1,James Van Der Beek,6.747,1,12,1.0,12.0,Safe,Rank
28,1,Kel Mitchell,6.412,1,12,1.0,12.0,Safe,Rank
28,1,Ray Lewis,6.434,1,12,1.0,12.0,Safe,Rank
28,1,Lamar Odom,6.677,1,12,1.0,12.0,Safe,Rank
28,1,Sailor Brinkley-Cook,6.281,1,12,1.0,12.0,Safe,Rank
28,1,Sean Spicer,6.441,1,12,1.0,12.0,Safe,Rank
28,1,Mary Wilson,6.591,1,12,1.0,12.0,Safe,Rank
28,1,Lauren Alaina,6.41,1,12,1.0,12.0,Safe,Rank
28,1,Ally Brooke,6.555,1,12,1.0,12.0,Safe,Rank
28,1,Karamo Brown,6.503,1,12,1.0,12.0,Safe,Rank
28,1,Hannah Brown,6.407,1,12,1.0,12.0,Safe,Rank
28,2,Kate Flannery,6.481,1,12,1.0,12.0,Safe,Rank
28,2,James Van Der Beek,6.556,1,12,1.0,12.0,Safe,Rank
28,2,Kel Mitchell,6.601,1,12,1.0,12.0,Safe,Rank
28,2,Ray Lewis,5.443,1,11,1.0,11.0,Safe,Rank
28,2,Lamar Odom,4.286,1,9,1.0,9.0,Safe,Rank
28,2,Sailor Brinkley-Cook,6.227,1,12,1.0,12.0,Safe,Rank
28,2,Sean Spicer,5.894,1,12,1.0,12.0,Safe,Rank
28,2,Mary Wilson,10.582,5,12,7.0,12.0,Eliminated,Rank
28,2,Lauren Alaina,6.317,1,12,1.0,12.0,Safe,Rank
28,2,Ally Brooke,6.48,1,12,1.0,12.0,Safe,Rank
28,2,Karamo Brown,6.477,1,12,1.0,12.0,Safe,Rank
28,2,Hannah Brown,6.656,1,12,1.0,12.0,Safe,Rank
28,3,Kate Flannery,5.457,1,10,1.0,10.0,Safe,Rank
28,3,James Van Der Beek,5.663,1,10,1.0,10.0,Safe,Rank
28,3,Kel Mitchell,5.543,1,10,1.0,10.0,Safe,Rank
28,3,Lamar Odom,5.267,1,10,1.0,10.0,Safe,Rank
28,3,Sailor Brinkley-Cook,5.388,1,10,1.0,10.0,Safe,Rank
28,3,Sean Spicer,5.51,1,10,1.0,10.0,Safe,Rank
28,3,Lauren Alaina,5.631,1,10,1.0,10.0,Safe,Rank
28,3,Ally Brooke,5.686,1,10,1.0,10.0,Safe,Rank
28,3,Karamo Brown,5.42,1,10,1.0,10.0,Safe,Rank
28,3,Hannah Brown,5.435,1,10,1.0,10.0,Safe,Rank
28,4,Kate Flannery,4.795,1,10,1.0,10.0,Safe,Rank
28,4,James Van Der Beek,5.436,1,10,1.0,10.0,Safe,Rank
28,4,Kel Mitchell,5.326,1,10,1.0,10.0,Safe,Rank
28,4,Lamar Odom,8.064,3,10,5.0,10.0,Eliminated,Rank
28,4,Sailor Brinkley-Cook,5.363,1,10,1.0,10.0,Safe,Rank
28,4,Sean Spicer,4.546,1,10,1.0,9.0,Safe,Rank
28,4,Lauren Alaina,5.288,1,10,1.0,10.0,Safe,Rank
28,4,Ally Brooke,5.403,1,10,1.0,10.0,Safe,Rank
28,4,Karamo Brown,5.302,1,10,1.0,10.0,Safe,Rank
28,4,Hannah Brown,5.477,1,10,1.0,10.0,Safe,Rank
28,5,Kate Flannery,5.011,1,9,1.0,9.0,Safe,Rank
28,5,James Van Der Beek,5.07,1,9,1.0,9.0,Safe,Rank
28,5,Kel Mitchell,5.088,1,9,1.0,9.0,Safe,Rank
28,5,Sailor Brinkley-Cook,5.112,1,9,1.0,9.0,Safe,Rank
28,5,Sean Spicer,4.905,1,9,1.0,9.0,Safe,Rank
28,5,Lauren Alaina,4.923,1,9,1.0,9.0,Safe,Rank
28,5,Ally Brooke,4.88,1,9,1.0,9.0,Safe,Rank
28,5,Karamo Brown,5.004,1,9,1.0,9.0,Safe,Rank
28,5,Hannah Brown,5.007,1,9,1.0,9.0,Safe,Rank
29,1,Anne Heche,8.028,1,15,1.0,15.0,Safe,Rank
29,1,Jesse Metcalfe,7.846,1,15,1.0,15.0,Safe,Rank
29,1,Chrishell Stause,8.07,1,15,1.0,15.0,Safe,Rank
29,1,Skai Jackson,7.895,1,15,1.0,15.0,Safe,Rank
29,1,Justina Machado,7.825,1,15,1.0,15.0,Safe,Rank
29,1,Charles Oakley,7.885,1,15,1.0,15.0,Safe,Rank
29,1,Veron Davis,7.968,1,15,1.0,15.0,Safe,Rank
29,1,Johnny Weir,8.247,1,15,1.0,15.0,Safe,Rank
29,1,Nev Schulman,8.089,1,15,1.0,15.0,Safe,Rank
29,1,AJ McLean,7.895,1,15,1.0,15.0,Safe,Rank
29,1,Nelly,7.965,1,15,1.0,15.0,Safe,Rank
29,1,Kaitlyn Bristowe,8.223,1,15,1.0,15.0,Safe,Rank
29,1,Carole Baskin,7.781,1,15,1.0,15.0,Safe,Rank
29,1,Monica Aldama,8.112,1,15,1.0,15.0,Safe,Rank
29,1,Jeannie Mai,8.171,1,15,1.0,15.0,Safe,Rank
29,2,Anne Heche,7.963,1,15,1.0,15.0,Safe,Rank
29,2,Jesse Metcalfe,7.778,1,15,1.0,15.0,Safe,Rank
29,2,Chrishell Stause,7.91,1,15,1.0,15.0,Safe,Rank
29,2,Skai Jackson,6.098,1,14,1.0,13.0,Safe,Rank
29,2,Justina Machado,7.908,1,15,1.0,15.0,Safe,Rank
29,2,Charles Oakley,12.435,6,15,7.0,15.0,Eliminated,Rank
29,2,Veron Davis,7.784,1,15,1.0,15.0,Safe,Rank
29,2,Johnny Weir,7.899,1,15,1.0,15.0,Safe,Rank
29,2,Nev Schulman,8.071,1,15,1.0,15.0,Safe,Rank
29,2,AJ McLean,7.915,1,15,1.0,15.0,Safe,Rank
29,2,Nelly,8.057,1,15,1.0,15.0,Safe,Rank
29,2,Kaitlyn Bristowe,7.947,1,15,1.0,15.0,Safe,Rank
29,2,Carole Baskin,7.119,1,15,1.0,14.0,Safe,Rank
29,2,Monica Aldama,7.014,1,15,1.0,15.0,Safe,Rank
29,2,Jeannie Mai,8.102,1,15,1.0,15.0,Safe,Rank
29,3,Anne Heche,6.248,1,14,1.0,13.0,Safe,Rank
29,3,Jesse Metcalfe,7.214,1,14,1.0,14.0,Safe,Rank
29,3,Chrishell Stause,7.631,1,14,1.0,14.0,Safe,Rank
29,3,Skai Jackson,6.833,1,14,1.0,14.0,Safe,Rank
29,3,Justina Machado,7.109,1,14,1.0,14.0,Safe,Rank
29,3,Veron Davis,7.399,1,14,1.0,14.0,Safe,Rank
29,3,Johnny Weir,7.304,1,14,1.0,14.0,Safe,Rank
29,3,Nev Schulman,7.441,1,14,1.0,14.0,Safe,Rank
29,3,AJ McLean,7.557,1,14,1.0,14.0,Safe,Rank
29,3,Nelly,6.825,1,14,1.0,14.0,Safe,Rank
29,3,Kaitlyn Bristowe,7.333,1,14,1.0,14.0,Safe,Rank
29,3,Carole Baskin,11.43,4,14,7.0,14.0,Eliminated,Rank
29,3,Monica Aldama,7.358,1,14,1.0,14.0,Safe,Rank
29,3,Jeannie Mai,7.318,1,14,1.0,14.0,Safe,Rank
29,4,Anne Heche,11.539045553145336,6,13,8.0,13.0,Eliminated,Rank
29,4,Jesse Metcalfe,5.7960954446854664,1,12,1.0,12.0,Safe,Rank
29,4,Chrishell Stause,6.860086767895878,1,13,1.0,13.0,Safe,Rank
29,4,Skai Jackson,6.776572668112799,1,13,1.0,13.0,Safe,Rank
29,4,Justina Machado,6.640997830802603,1,13,1.0,13.0,Safe,Rank
29,4,Veron Davis,6.912147505422993,1,13,1.0,13.0,Safe,Rank
29,4,Johnny Weir,6.874186550976138,1,13,1.0,13.0,Safe,Rank
29,4,Nev Schulman,7.125813449023862,1,13,1.0,13.0,Safe,Rank
29,4,AJ McLean,7.074837310195227,1,13,1.0,13.0,Safe,Rank
29,4,Nelly,5.844902386117137,1,12,1.0,12.0,Safe,Rank
29,4,Kaitlyn Bristowe,6.899132321041215,1,13,1.0,13.0,Safe,Rank
29,4,Monica Aldama,7.144251626898048,1,13,1.0,13.0,Safe,Rank
29,4,Jeannie Mai,5.511930585683297,1,12,1.0,11.0,Safe,Rank
29,5,Jesse Metcalfe,9.708,4,12,6.0,12.0,Eliminated,Rank
29,5,Chrishell Stause,4.962,1,11,1.0,11.0,Safe,Rank
29,5,Skai Jackson,6.657,1,12,1.0,12.0,Safe,Rank
29,5,Justina Machado,6.139,1,12,1.0,12.0,Safe,Rank
29,5,Veron Davis,5.481,1,12,1.0,11.024999999999977,Safe,Rank
29,5,Johnny Weir,6.455,1,12,1.0,12.0,Safe,Rank
29,5,Nev Schulman,6.524,1,12,1.0,12.0,Safe,Rank
29,5,AJ McLean,6.637,1,12,1.0,12.0,Safe,Rank
29,5,Nelly,6.188,1,12,1.0,12.0,Safe,Rank
29,5,Kaitlyn Bristowe,6.494,1,12,1.0,12.0,Safe,Rank
29,5,Monica Aldama,6.534,1,12,1.0,12.0,Safe,Rank
29,5,Jeannie Mai,6.221,1,12,1.0,12.0,Safe,Rank
29,6,Chrishell Stause,5.624,1,11,1.0,11.0,Safe,Rank
29,6,Skai Jackson,4.257,1,9,1.0,9.0,Safe,Rank
29,6,Justina Machado,5.875,1,11,1.0,11.0,Safe,Rank
29,6,Veron Davis,9.261,4,11,6.0,11.0,Eliminated,Rank
29,6,Johnny Weir,5.176,1,11,1.0,11.0,Safe,Rank
29,6,Nev Schulman,5.9,1,11,1.0,11.0,Safe,Rank
29,6,AJ McLean,6.091,1,11,1.0,11.0,Safe,Rank
29,6,Nelly,5.646,1,11,1.0,11.0,Safe,Rank
29,6,Kaitlyn Bristowe,6.139,1,11,1.0,11.0,Safe,Rank
29,6,Monica Aldama,5.957,1,11,1.0,11.0,Safe,Rank
29,6,Jeannie Mai,6.074,1,11,1.0,11.0,Safe,Rank
29,7,Chrishell Stause,5.301,1,10,1.0,10.0,Safe,Rank
29,7,Skai Jackson,5.074,1,10,1.0,10.0,Safe,Rank
29,7,Justina Machado,5.543,1,10,1.0,10.0,Safe,Rank
29,7,Johnny Weir,5.557,1,10,1.0,10.0,Safe,Rank
29,7,Nev Schulman,5.216,1,10,1.0,10.0,Safe,Rank
29,7,AJ McLean,5.537,1,10,1.0,10.0,Safe,Rank
29,7,Nelly,5.402,1,10,1.0,10.0,Safe,Rank
29,7,Kaitlyn Bristowe,4.483,1,10,1.0,9.0,Safe,Rank
29,7,Monica Aldama,7.979,2,10,4.0,10.0,Eliminated,Rank
29,7,Jeannie Mai,4.908,1,10,1.0,10.0,Safe,Rank
29,8,Chrishell Stause,7.596,5,8,6.0,8.0,Eliminated,Rank
29,8,Skai Jackson,2.901,1,5,1.0,5.0,Safe,Rank
29,8,Justina Machado,4.765,1,8,1.0,8.0,Safe,Rank
29,8,Johnny Weir,4.799,1,8,1.0,8.0,Safe,Rank
29,8,Nev Schulman,4.739,1,8,1.0,8.0,Safe,Rank
29,8,AJ McLean,4.31,1,7,1.0,7.0,Safe,Rank
29,8,Nelly,2.277,1,4,1.0,4.0,Safe,Rank
29,8,Kaitlyn Bristowe,4.613,1,8,1.0,8.0,Safe,Rank
29,9,Skai Jackson,3.629,1,7,1.0,7.0,Safe,Rank
29,9,Justina Machado,3.728,1,7,1.0,7.0,Safe,Rank
29,9,Johnny Weir,4.089,1,7,1.0,7.0,Safe,Rank
29,9,Nev Schulman,4.049,1,7,1.0,7.0,Safe,Rank
29,9,AJ McLean,5.964,3,7,4.0,7.0,Eliminated,Rank
29,9,Nelly,2.469,1,5,1.0,5.0,Safe,Rank
29,9,Kaitlyn Bristowe,4.072,1,7,1.0,7.0,Safe,Rank
29,10,Skai Jackson,5.139,4,6,4.0,6.0,Eliminated,Rank
29,10,Justina Machado,2.928,1,5,1.0,5.0,Safe,Rank
29,10,Johnny Weir,5.221,4,6,4.0,6.0,Eliminated,Rank
29,10,Nev Schulman,3.188,1,6,1.0,6.0,Safe,Rank
29,10,Nelly,1.279,1,2,1.0,2.0,Safe,Rank
29,10,Kaitlyn Bristowe,3.245,1,6,1.0,6.0,Safe,Rank
29,11,Justina Machado,2.603,1,4,1.0,4.0,Safe,Rank
29,11,Nev Schulman,2.628,1,4,1.0,4.0,Safe,Rank
29,11,Nelly,2.207,1,4,1.0,4.0,Safe,Rank
29,11,Kaitlyn Bristowe,2.562,1,4,1.0,4.0,Safe,Rank
30,1,Martin Kove,7.955,1,15,1.0,15.0,Safe,Rank
30,1,Brian Austin Green,8.308,1,15,1.0,15.0,Safe,Rank
30,1,Melora Hardin,8.098,1,15,1.0,15.0,Safe,Rank
30,1,Matt James,7.706,1,15,1.0,15.0,Safe,Rank
30,1,"Mike ""The Miz"" Mizanin",7.854,1,15,1.0,15.0,Safe,Rank
30,1,Suni Lee,8.032,1,15,1.0,15.0,Safe,Rank
30,1,Iman Shumpert,7.995,1,15,1.0,15.0,Safe,Rank
30,1,Cody Rigsby,8.287,1,15,1.0,15.0,Safe,Rank
30,1,Melanie C,8.108,1,15,1.0,15.0,Safe,Rank
30,1,Jimmie Allen,7.896,1,15,1.0,15.0,Safe,Rank
30,1,Olivia Jade,7.877,1,15,1.0,15.0,Safe,Rank
30,1,JoJo Siwa,7.867,1,15,1.0,15.0,Safe,Rank
30,1,Christine Chiu,7.851,1,15,1.0,15.0,Safe,Rank
30,1,Kenya Moore,8.158,1,15,1.0,15.0,Safe,Rank
30,1,Amanda Kloots,8.008,1,15,1.0,15.0,Safe,Rank
30,2,Martin Kove,12.34,5,15,8.0,15.0,Eliminated,Rank
30,2,Brian Austin Green,7.071,1,15,1.0,14.0,Safe,Rank
30,2,Melora Hardin,7.98,1,15,1.0,15.0,Safe,Rank
30,2,Matt James,6.57,1,15,1.0,14.0,Safe,Rank
30,2,"Mike ""The Miz"" Mizanin",7.806,1,15,1.0,15.0,Safe,Rank
30,2,Suni Lee,7.933,1,15,1.0,15.0,Safe,Rank
30,2,Iman Shumpert,7.836,1,15,1.0,15.0,Safe,Rank
30,2,Cody Rigsby,7.741,1,15,1.0,15.0,Safe,Rank
30,2,Melanie C,8.019,1,15,1.0,15.0,Safe,Rank
30,2,Jimmie Allen,7.94,1,15,1.0,15.0,Safe,Rank
30,2,Olivia Jade,7.768,1,15,1.0,15.0,Safe,Rank
30,2,JoJo Siwa,7.81,1,15,1.0,15.0,Safe,Rank
30,2,Christine Chiu,7.595,1,15,1.0,15.0,Safe,Rank
30,2,Kenya Moore,7.652,1,15,1.0,15.0,Safe,Rank
30,2,Amanda Kloots,7.939,1,15,1.0,15.0,Safe,Rank
30,3,Brian Austin Green,4.613636363636363,1,8,1.0,8.0,Safe,Rank
30,3,Melora Hardin,9.181818181818182,1,14,4.0,14.0,Safe,Rank
30,3,Matt James,6.2727272727272725,1,10,1.0,10.0,Safe,Rank
30,3,"Mike ""The Miz"" Mizanin",7.7272727272727275,1,13,2.0,13.0,Safe,Rank
30,3,Suni Lee,9.181818181818182,2,13,3.0,13.0,Safe,Rank
30,3,Iman Shumpert,4.454545454545454,1,8,1.0,8.0,Safe,Rank
30,3,Cody Rigsby,3.227272727272727,1,6,1.0,6.0,Safe,Rank
30,3,Melanie C,8.0,2,14,2.0,13.924999999999997,Safe,Rank
30,3,Jimmie Allen,5.840909090909091,1,10,1.0,10.0,Safe,Rank
30,3,Olivia Jade,7.681818181818182,1,14,1.0,13.924999999999997,Safe,Rank
30,3,JoJo Siwa,9.227272727272727,1,14,2.0,14.0,Safe,Rank
30,3,Christine Chiu,13.681818181818182,12,14,12.0,14.0,Eliminated,Rank
30,3,Kenya Moore,7.75,1,13,1.075,13.0,Safe,Rank
30,3,Amanda Kloots,8.159090909090908,1,14,1.0,13.0,Safe,Rank
30,4,Brian Austin Green,9.083,3,13,4.0,13.0,Eliminated,Rank
30,4,Melora Hardin,7.742,1,13,1.0,13.0,Safe,Rank
30,4,Matt James,10.187,4,13,6.0,13.0,Eliminated,Rank
30,4,"Mike ""The Miz"" Mizanin",6.833,1,13,1.0,13.0,Safe,Rank
30,4,Suni Lee,7.201,1,13,1.0,13.0,Safe,Rank
30,4,Iman Shumpert,5.104,1,13,1.0,11.0,Safe,Rank
30,4,Cody Rigsby,4.689,1,12,1.0,10.0,Safe,Rank
30,4,Melanie C,6.626,1,13,1.0,13.0,Safe,Rank
30,4,Jimmie Allen,6.487,1,13,1.0,13.0,Safe,Rank
30,4,Olivia Jade,7.323,1,13,1.0,13.0,Safe,Rank
30,4,JoJo Siwa,7.648,1,13,1.0,13.0,Safe,Rank
30,4,Kenya Moore,5.298,1,13,1.0,12.0,Safe,Rank
30,4,Amanda Kloots,6.779,1,13,1.0,13.0,Safe,Rank
30,5,Melora Hardin,7.0,1,10,1.45,10.0,Safe,Rank
30,5,"Mike ""The Miz"" Mizanin",3.3333333333333335,3,4,3.0,3.95,Safe,Rank
30,5,Suni Lee,7.0,6,9,6.0,8.85,Safe,Rank
30,5,Iman Shumpert,1.3333333333333333,1,2,1.0,1.95,Safe,Rank
30,5,Cody Rigsby,3.6666666666666665,3,4,3.05,4.0,Safe,Rank
30,5,Melanie C,11.0,11,11,11.0,11.0,Eliminated,Rank
30,5,Jimmie Allen,3.0,2,5,2.0,4.85,Safe,Rank
30,5,Olivia Jade,7.666666666666667,7,8,7.05,8.0,Safe,Rank
30,5,JoJo Siwa,8.333333333333334,6,10,6.15,9.95,Safe,Rank
30,5,Kenya Moore,7.333333333333333,7,8,7.0,7.95,Safe,Rank
30,5,Amanda Kloots,6.333333333333333,5,9,5.0,8.8,Safe,Rank
30,6,Melora Hardin,4.784,1,10,1.0,10.0,Safe,Rank
30,6,"Mike ""The Miz"" Mizanin",4.534,1,9,1.0,9.0,Safe,Rank
30,6,Suni Lee,6.029,1,10,1.0,10.0,Safe,Rank
30,6,Iman Shumpert,3.708,1,7,1.0,7.0,Safe,Rank
30,6,Cody Rigsby,5.143,1,9,1.0,9.0,Safe,Rank
30,6,Jimmie Allen,4.717,1,10,1.0,10.0,Safe,Rank
30,6,Olivia Jade,5.886,1,10,1.0,10.0,Safe,Rank
30,6,JoJo Siwa,5.991,1,10,1.0,10.0,Safe,Rank
30,6,Kenya Moore,8.217,3,10,4.975000000000001,10.0,Eliminated,Rank
30,6,Amanda Kloots,5.991,1,10,1.0,10.0,Safe,Rank
30,7,Melora Hardin,4.745,1,9,1.0,9.0,Safe,Rank
30,7,"Mike ""The Miz"" Mizanin",6.805,2,9,3.0,9.0,Eliminated,Rank
30,7,Suni Lee,4.867,1,9,1.0,9.0,Safe,Rank
30,7,Iman Shumpert,4.355,1,9,1.0,9.0,Safe,Rank
30,7,Cody Rigsby,4.702,1,9,1.0,9.0,Safe,Rank
30,7,Jimmie Allen,4.726,1,9,1.0,9.0,Safe,Rank
30,7,Olivia Jade,5.086,1,9,1.0,9.0,Safe,Rank
30,7,JoJo Siwa,5.086,1,9,1.0,9.0,Safe,Rank
30,7,Amanda Kloots,4.628,1,9,1.0,9.0,Safe,Rank
30,8,Melora Hardin,4.502,1,8,1.0,8.0,Safe,Rank
30,8,Suni Lee,4.565,1,8,1.0,8.0,Safe,Rank
30,8,Iman Shumpert,2.566,1,6,1.0,6.0,Safe,Rank
30,8,Cody Rigsby,3.525,1,8,1.0,7.0,Safe,Rank
30,8,Jimmie Allen,5.507,1,8,2.0,8.0,Eliminated,Rank
30,8,Olivia Jade,6.729,3,8,4.0,8.0,Eliminated,Rank
30,8,JoJo Siwa,4.207,1,8,1.0,8.0,Safe,Rank
30,8,Amanda Kloots,4.399,1,8,1.0,8.0,Safe,Rank
30,9,Melora Hardin,4.356,3,6,3.0,6.0,Eliminated,Rank
30,9,Suni Lee,5.702,5,6,5.0,6.0,Eliminated,Rank
30,9,Iman Shumpert,2.976,1,5,1.0,5.0,Safe,Rank
30,9,Cody Rigsby,1.287,1,2,1.0,2.0,Safe,Rank
30,9,JoJo Siwa,3.382,1,6,1.0,6.0,Safe,Rank
30,9,Amanda Kloots,3.297,1,6,1.0,6.0,Safe,Rank
30,10,Iman Shumpert,2.631,1,4,1.0,4.0,Safe,Rank
30,10,Cody Rigsby,2.176,1,4,1.0,4.0,Safe,Rank
30,10,JoJo Siwa,2.627,1,4,1.0,4.0,Safe,Rank
30,10,Amanda Kloots,2.566,1,4,1.0,4.0,Safe,Rank
31,1,Jason Lewis,13.684,7,16,10.0,16.0,Eliminated,Rank
31,1,Cheryl Ladd,8.13,1,16,1.0,16.0,Safe,Rank
31,1,Selma Blair,8.298,1,16,1.0,16.0,Safe,Rank
31,1,Joseph Baena,8.378,1,16,1.0,16.0,Safe,Rank
31,1,Trevor Donovan,8.336,1,16,1.0,16.0,Safe,Rank
31,1,Daniel Durant,8.205,1,16,1.0,16.0,Safe,Rank
31,1,Wayne Brady,8.468,1,16,1.0,16.0,Safe,Rank
31,1,Sam Champion,8.0,1,16,1.0,16.0,Safe,Rank
31,1,Jessie James Decker,8.168,1,16,1.0,16.0,Safe,Rank
31,1,Jordin Sparks,8.396,1,16,1.0,16.0,Safe,Rank
31,1,Heidi D'Amelio,8.402,1,16,1.0,16.0,Safe,Rank
31,1,Charli D'Amelio,8.362,1,16,1.0,16.0,Safe,Rank
31,1,Teresa Giudice,8.103,1,16,1.0,16.0,Safe,Rank
31,1,Vinny Guadagnino,6.343,1,14,1.0,13.0,Safe,Rank
31,1,Shangela,8.19,1,16,1.0,16.0,Safe,Rank
31,1,Gabby Windey,8.537,1,16,1.0,16.0,Safe,Rank
31,2,Cheryl Ladd,5.95933014354067,1,13,1.0,12.0,Safe,Rank
31,2,Selma Blair,7.911483253588517,1,15,1.0,15.0,Safe,Rank
31,2,Joseph Baena,7.29066985645933,1,15,1.0,14.0,Safe,Rank
31,2,Trevor Donovan,7.793062200956938,1,15,1.0,15.0,Safe,Rank
31,2,Daniel Durant,7.6650717703349285,1,15,1.0,15.0,Safe,Rank
31,2,Wayne Brady,7.904306220095694,1,15,1.0,15.0,Safe,Rank
31,2,Sam Champion,7.895933014354067,1,15,1.0,15.0,Safe,Rank
31,2,Jessie James Decker,7.517942583732057,1,15,1.0,15.0,Safe,Rank
31,2,Jordin Sparks,7.814593301435407,1,15,1.0,15.0,Safe,Rank
31,2,Heidi D'Amelio,8.05023923444976,1,15,1.0,15.0,Safe,Rank
31,2,Charli D'Amelio,7.648325358851674,1,15,1.0,15.0,Safe,Rank
31,2,Teresa Giudice,13.039473684210526,7,15,9.0,15.0,Eliminated,Rank
31,2,Vinny Guadagnino,7.533492822966507,1,15,1.0,15.0,Safe,Rank
31,2,Shangela,8.052631578947368,1,15,1.0,15.0,Safe,Rank
31,2,Gabby Windey,7.923444976076555,1,15,1.0,15.0,Safe,Rank
31,3,Cheryl Ladd,11.94,5,14,8.0,14.0,Eliminated,Rank
31,3,Selma Blair,7.274,1,14,1.0,14.0,Safe,Rank
31,3,Joseph Baena,7.443,1,14,1.0,14.0,Safe,Rank
31,3,Trevor Donovan,6.987,1,14,1.0,14.0,Safe,Rank
31,3,Daniel Durant,7.516,1,14,1.0,14.0,Safe,Rank
31,3,Wayne Brady,7.5,1,14,1.0,14.0,Safe,Rank
31,3,Sam Champion,6.464,1,14,1.0,13.0,Safe,Rank
31,3,Jessie James Decker,6.791,1,14,1.0,14.0,Safe,Rank
31,3,Jordin Sparks,7.495,1,14,1.0,14.0,Safe,Rank
31,3,Heidi D'Amelio,7.468,1,14,1.0,14.0,Safe,Rank
31,3,Charli D'Amelio,7.384,1,14,1.0,14.0,Safe,Rank
31,3,Vinny Guadagnino,5.527,1,12,1.0,11.0,Safe,Rank
31,3,Shangela,7.608,1,14,1.0,14.0,Safe,Rank
31,3,Gabby Windey,7.603,1,14,1.0,14.0,Safe,Rank
31,4,Selma Blair,6.959,1,13,1.0,13.0,Safe,Rank
31,4,Joseph Baena,6.19,1,13,1.0,12.0,Safe,Rank
31,4,Trevor Donovan,6.07,1,13,1.0,13.0,Safe,Rank
31,4,Daniel Durant,6.737,1,13,1.0,13.0,Safe,Rank
31,4,Wayne Brady,6.814,1,13,1.0,13.0,Safe,Rank
31,4,Sam Champion,10.484,4,13,6.975000000000001,13.0,Eliminated,Rank
31,4,Jessie James Decker,6.781,1,13,1.0,13.0,Safe,Rank
31,4,Jordin Sparks,7.105,1,13,1.0,13.0,Safe,Rank
31,4,Heidi D'Amelio,7.011,1,13,1.0,13.0,Safe,Rank
31,4,Charli D'Amelio,6.632,1,13,1.0,13.0,Safe,Rank
31,4,Vinny Guadagnino,6.342,1,13,1.0,13.0,Safe,Rank
31,4,Shangela,6.99,1,13,1.0,13.0,Safe,Rank
31,4,Gabby Windey,6.885,1,13,1.0,13.0,Safe,Rank
31,5,Selma Blair,6.499,1,12,1.0,12.0,Safe,Rank
31,5,Joseph Baena,10.534,6,12,8.0,12.0,Eliminated,Rank
31,5,Trevor Donovan,6.422,1,12,1.0,12.0,Safe,Rank
31,5,Daniel Durant,4.863,1,10,1.0,10.0,Safe,Rank
31,5,Wayne Brady,6.5,1,12,1.0,12.0,Safe,Rank
31,5,Jessie James Decker,6.44,1,12,1.0,12.0,Safe,Rank
31,5,Jordin Sparks,5.882,1,12,1.0,12.0,Safe,Rank
31,5,Heidi D'Amelio,6.863,1,12,1.0,12.0,Safe,Rank
31,5,Charli D'Amelio,6.61,1,12,1.0,12.0,Safe,Rank
31,5,Vinny Guadagnino,4.289,1,9,1.0,9.0,Safe,Rank
31,5,Shangela,6.484,1,12,1.0,12.0,Safe,Rank
31,5,Gabby Windey,6.614,1,12,1.0,12.0,Safe,Rank
31,6,Trevor Donovan,5.195,1,10,1.0,10.0,Safe,Rank
31,6,Daniel Durant,5.257,1,10,1.0,10.0,Safe,Rank
31,6,Wayne Brady,5.275,1,10,1.0,10.0,Safe,Rank
31,6,Jessie James Decker,8.094,4,10,5.0,10.0,Eliminated,Rank
31,6,Jordin Sparks,5.374,1,10,1.0,10.0,Safe,Rank
31,6,Heidi D'Amelio,5.733,1,10,1.0,10.0,Safe,Rank
31,6,Charli D'Amelio,5.547,1,10,1.0,10.0,Safe,Rank
31,6,Vinny Guadagnino,3.474,1,8,1.0,7.0,Safe,Rank
31,6,Shangela,5.472,1,10,1.0,10.0,Safe,Rank
31,6,Gabby Windey,5.579,1,10,1.0,10.0,Safe,Rank
31,7,Trevor Donovan,4.8,1,9,1.0,9.0,Safe,Rank
31,7,Daniel Durant,4.978,1,9,1.0,9.0,Safe,Rank
31,7,Wayne Brady,5.058,1,9,1.0,9.0,Safe,Rank
31,7,Jordin Sparks,7.599,3,9,5.0,9.0,Eliminated,Rank
31,7,Heidi D'Amelio,4.473,1,9,1.0,9.0,Safe,Rank
31,7,Charli D'Amelio,5.169,1,9,1.0,9.0,Safe,Rank
31,7,Vinny Guadagnino,3.206,1,7,1.0,7.0,Safe,Rank
31,7,Shangela,5.023,1,9,1.0,9.0,Safe,Rank
31,7,Gabby Windey,4.694,1,9,1.0,9.0,Safe,Rank
31,8,Trevor Donovan,3.541,1,8,1.0,8.0,Safe,Rank
31,8,Daniel Durant,3.665,1,8,1.0,8.0,Safe,Rank
31,8,Wayne Brady,4.435,1,8,1.0,8.0,Safe,Rank
31,8,Heidi D'Amelio,6.234,2,8,3.0,8.0,Eliminated,Rank
31,8,Charli D'Amelio,4.472,1,8,1.0,8.0,Safe,Rank
31,8,Vinny Guadagnino,5.308,1,8,2.0,8.0,Eliminated,Rank
31,8,Shangela,4.322,1,8,1.0,8.0,Safe,Rank
31,8,Gabby Windey,4.023,1,8,1.0,8.0,Safe,Rank
31,9,Trevor Donovan,3.849,1,6,1.0,6.0,Eliminated,Rank
31,9,Daniel Durant,4.388,1,6,2.0,6.0,Eliminated,Rank
31,9,Wayne Brady,2.971,1,6,1.0,6.0,Safe,Rank
31,9,Charli D'Amelio,3.561,1,6,1.0,6.0,Safe,Rank
31,9,Shangela,2.828,1,6,1.0,6.0,Safe,Rank
31,9,Gabby Windey,3.403,1,6,1.0,6.0,Safe,Rank
31,10,Wayne Brady,2.5,1,4,1.0,4.0,Safe,Rank
31,10,Charli D'Amelio,2.541,1,4,1.0,4.0,Safe,Rank
31,10,Shangela,2.457,1,4,1.0,4.0,Safe,Rank
31,10,Gabby Windey,2.502,1,4,1.0,4.0,Safe,Rank
32,1,Jamie Lynn Spears,7.343,1,14,1.0,14.0,Safe,Rank
32,1,Mira Sorvino,7.216,1,14,1.0,14.0,Safe,Rank
32,1,Barry Williams,7.165,1,14,1.0,14.0,Safe,Rank
32,1,Alyson Hannigan,6.641,1,14,1.0,13.0,Safe,Rank
32,1,Xochitl Gomez,7.465,1,14,1.0,14.0,Safe,Rank
32,1,Adrian Peterson,7.433,1,14,1.0,14.0,Safe,Rank
32,1,Matt Walsh,12.394,7,14,9.0,14.0,Eliminated,Rank
32,1,Tyson Beckford,6.337,1,13,1.0,12.0,Safe,Rank
32,1,Jason Mraz,7.365,1,14,1.0,14.0,Safe,Rank
32,1,Lele Pons,7.461,1,14,1.0,14.0,Safe,Rank
32,1,Harry Jowsey,6.138,1,13,1.0,12.0,Safe,Rank
32,1,Mauricio Umansky,7.08,1,14,1.0,14.0,Safe,Rank
32,1,Charity Lawson,7.647,1,14,1.0,14.0,Safe,Rank
32,1,Ariana Madix,7.315,1,14,1.0,14.0,Safe,Rank
32,2,Jamie Lynn Spears,12.144303797468355,8,13,10.0,13.0,Eliminated,Rank
32,2,Mira Sorvino,7.1746835443037975,1,13,1.0,13.0,Safe,Rank
32,2,Barry Williams,5.962025316455696,1,11,1.0,11.0,Safe,Rank
32,2,Alyson Hannigan,7.159493670886076,1,13,1.0,13.0,Safe,Rank
32,2,Xochitl Gomez,7.412658227848102,1,13,1.0,13.0,Safe,Rank
32,2,Adrian Peterson,5.69620253164557,1,11,1.0,11.0,Safe,Rank
32,2,Tyson Beckford,6.982278481012658,1,13,1.0,13.0,Safe,Rank
32,2,Jason Mraz,7.369620253164557,1,13,1.0,13.0,Safe,Rank
32,2,Lele Pons,7.141772151898734,1,13,1.0,13.0,Safe,Rank
32,2,Harry Jowsey,5.8,1,11,1.0,11.0,Safe,Rank
32,2,Mauricio Umansky,4.053164556962026,1,8,1.0,8.0,Safe,Rank
32,2,Charity Lawson,7.020253164556962,1,13,1.0,13.0,Safe,Rank
32,2,Ariana Madix,7.083544303797468,1,13,1.0,13.0,Safe,Rank
32,3,Mira Sorvino,6.392,1,12,1.0,12.0,Safe,Rank
32,3,Barry Williams,6.244,1,12,1.0,12.0,Safe,Rank
32,3,Alyson Hannigan,6.255,1,12,1.0,12.0,Safe,Rank
32,3,Xochitl Gomez,6.624,1,12,1.0,12.0,Safe,Rank
32,3,Adrian Peterson,5.371,1,12,1.0,11.0,Safe,Rank
32,3,Tyson Beckford,9.825,3,12,6.0,12.0,Eliminated,Rank
32,3,Jason Mraz,6.494,1,12,1.0,12.0,Safe,Rank
32,3,Lele Pons,6.621,1,12,1.0,12.0,Safe,Rank
32,3,Harry Jowsey,5.918,1,12,1.0,12.0,Safe,Rank
32,3,Mauricio Umansky,5.471,1,12,1.0,11.0,Safe,Rank
32,3,Charity Lawson,6.344,1,12,1.0,12.0,Safe,Rank
32,3,Ariana Madix,6.441,1,12,1.0,12.0,Safe,Rank
32,4,Mira Sorvino,6.184210526315789,1,10,1.0,10.0,Safe,Rank
32,4,Barry Williams,3.405263157894737,1,6,1.0,6.0,Safe,Rank
32,4,Alyson Hannigan,3.468421052631579,1,6,1.0,6.0,Safe,Rank
32,4,Xochitl Gomez,6.657894736842105,1,11,1.0,11.0,Safe,Rank
32,4,Adrian Peterson,10.621052631578948,8,11,9.0,11.0,Eliminated,Rank
32,4,Jason Mraz,6.531578947368421,1,11,1.0,11.0,Safe,Rank
32,4,Lele Pons,6.1,1,11,1.0,11.0,Safe,Rank
32,4,Harry Jowsey,5.968421052631579,1,10,1.0,10.0,Safe,Rank
32,4,Mauricio Umansky,3.8947368421052633,1,7,1.0,7.0,Safe,Rank
32,4,Charity Lawson,6.663157894736842,1,11,1.0,11.0,Safe,Rank
32,4,Ariana Madix,6.505263157894737,1,11,1.0,11.0,Safe,Rank
32,5,Mira Sorvino,8.71,4,10,6.0,10.0,Eliminated,Rank
32,5,Barry Williams,5.027,1,10,1.0,10.0,Safe,Rank
32,5,Alyson Hannigan,3.828,1,8,1.0,7.0,Safe,Rank
32,5,Xochitl Gomez,5.619,1,10,1.0,10.0,Safe,Rank
32,5,Jason Mraz,5.785,1,10,1.0,10.0,Safe,Rank
32,5,Lele Pons,5.822,1,10,1.0,10.0,Safe,Rank
32,5,Harry Jowsey,3.295,1,7,1.0,7.0,Safe,Rank
32,5,Mauricio Umansky,5.23,1,10,1.0,10.0,Safe,Rank
32,5,Charity Lawson,5.774,1,10,1.0,10.0,Safe,Rank
32,5,Ariana Madix,5.91,1,10,1.0,10.0,Safe,Rank
32,6,Barry Williams,3.950152594099695,1,7,1.0,7.0,Safe,Rank
32,6,Alyson Hannigan,3.2899287894201423,1,6,1.0,6.0,Safe,Rank
32,6,Xochitl Gomez,5.440488301119023,1,9,1.0,9.0,Safe,Rank
32,6,Jason Mraz,5.31027466937945,1,9,1.0,9.0,Safe,Rank
32,6,Lele Pons,5.2044760935910475,1,9,1.0,9.0,Safe,Rank
32,6,Harry Jowsey,2.730417090539166,1,5,1.0,5.0,Safe,Rank
32,6,Mauricio Umansky,8.414038657171922,5,9,7.0,9.0,Eliminated,Rank
32,6,Charity Lawson,5.313326551373347,1,9,1.0,9.0,Safe,Rank
32,6,Ariana Madix,5.346897253306206,1,9,1.0,9.0,Safe,Rank
32,7,Barry Williams,2.28125,1,3,1.0,3.0,Safe,Rank
32,7,Alyson Hannigan,3.234375,1,4,1.0,4.0,Safe,Rank
32,7,Xochitl Gomez,5.59375,1,8,1.5750000000000002,8.0,Safe,Rank
32,7,Jason Mraz,4.546875,1,6,1.0,6.0,Safe,Rank
32,7,Lele Pons,7.9375,7,8,7.0,8.0,Eliminated,Rank
32,7,Harry Jowsey,1.453125,1,2,1.0,2.0,Safe,Rank
32,7,Charity Lawson,4.8125,1,6,2.0,6.0,Safe,Rank
32,7,Ariana Madix,6.140625,1,8,1.5750000000000002,7.0,Safe,Rank
32,8,Barry Williams,5.569,4,6,4.0,6.0,Eliminated,Rank
32,8,Alyson Hannigan,4.083,1,7,1.0,7.0,Safe,Rank
32,8,Xochitl Gomez,4.63,1,7,1.0,7.0,Safe,Rank
32,8,Jason Mraz,2.487,1,4,1.0,4.0,Safe,Rank
32,8,Harry Jowsey,1.763,1,3,1.0,3.0,Safe,Rank
32,8,Charity Lawson,4.726,1,7,1.0,7.0,Safe,Rank
32,8,Ariana Madix,4.742,1,7,1.0,7.0,Safe,Rank
32,9,Alyson Hannigan,2.856,1,6,1.0,6.0,Safe,Rank
32,9,Xochitl Gomez,3.65,1,6,1.0,6.0,Safe,Rank
32,9,Jason Mraz,3.363,1,6,1.0,6.0,Safe,Rank
32,9,Harry Jowsey,4.129,1,6,2.0,6.0,Eliminated,Rank
32,9,Charity Lawson,3.645,1,6,1.0,6.0,Safe,Rank
32,9,Ariana Madix,3.357,1,6,1.0,6.0,Safe,Rank
32,10,Alyson Hannigan,2.829,1,5,1.0,5.0,Safe,Rank
32,10,Xochitl Gomez,3.133,1,5,1.0,5.0,Safe,Rank
32,10,Jason Mraz,3.101,1,5,1.0,5.0,Safe,Rank
32,10,Charity Lawson,2.993,1,5,1.0,5.0,Safe,Rank
32,10,Ariana Madix,2.944,1,5,1.0,5.0,Safe,Rank
32,11,Alyson Hannigan,2.987,1,5,1.0,5.0,Safe,Rank
32,11,Xochitl Gomez,3.006,1,5,1.0,5.0,Safe,Rank
32,11,Jason Mraz,3.056,1,5,1.0,5.0,Safe,Rank
32,11,Charity Lawson,2.976,1,5,1.0,5.0,Safe,Rank
32,11,Ariana Madix,2.975,1,5,1.0,5.0,Safe,Rank
33,1,Tori Spelling,7.04,1,13,1.0,13.0,Safe,Rank
33,1,Eric Roberts,7.187,1,13,1.0,13.0,Safe,Rank
33,1,Reginald VelJohnson,7.054,1,13,1.0,13.0,Safe,Rank
33,1,Chandler Kinney,7.072,1,13,1.0,13.0,Safe,Rank
33,1,Dwight Howard ,7.079,1,13,1.0,13.0,Safe,Rank
33,1,Danny Amendola,6.904,1,13,1.0,13.0,Safe,Rank
33,1,Stephen Nedoroscik,6.867,1,13,1.0,13.0,Safe,Rank
33,1,Ilona Maher,7.074,1,13,1.0,13.0,Safe,Rank
33,1,Anna Delvey,6.947,1,13,1.0,13.0,Safe,Rank
33,1,Brooks Nader,7.153,1,13,1.0,13.0,Safe,Rank
33,1,Phaedra Parks,6.899,1,13,1.0,13.0,Safe,Rank
33,1,Jenn Tran,6.98,1,13,1.0,13.0,Safe,Rank
33,1,Joey Graziadei,6.744,1,13,1.0,13.0,Safe,Rank
33,2,Tori Spelling,11.704035874439462,7,13,9.0,13.0,Eliminated,Rank
33,2,Eric Roberts,4.394618834080718,1,9,1.0,9.0,Safe,Rank
33,2,Reginald VelJohnson,4.210762331838565,1,9,1.0,9.0,Safe,Rank
33,2,Chandler Kinney,6.910313901345291,1,13,1.0,13.0,Safe,Rank
33,2,Dwight Howard ,7.237668161434978,1,13,1.0,13.0,Safe,Rank
33,2,Danny Amendola,6.726457399103139,1,13,1.0,13.0,Safe,Rank
33,2,Stephen Nedoroscik,7.071748878923767,1,13,1.0,13.0,Safe,Rank
33,2,Ilona Maher,6.838565022421525,1,13,1.0,13.0,Safe,Rank
33,2,Anna Delvey,10.493273542600896,6,13,7.0,13.0,Eliminated,Rank
33,2,Brooks Nader,6.605381165919282,1,13,1.0,12.0,Safe,Rank
33,2,Phaedra Parks,6.565022421524664,1,13,1.0,13.0,Safe,Rank
33,2,Jenn Tran,5.677130044843049,1,12,1.0,11.0,Safe,Rank
33,2,Joey Graziadei,6.565022421524664,1,13,1.0,13.0,Safe,Rank
33,3,Eric Roberts,8.371,3,11,5.0,11.0,Eliminated,Rank
33,3,Reginald VelJohnson,7.738,1,11,4.0,11.0,Eliminated,Rank
33,3,Chandler Kinney,6.165,1,11,1.0,11.0,Safe,Rank
33,3,Dwight Howard ,4.005,1,11,1.0,9.0,Safe,Rank
33,3,Danny Amendola,5.596,1,11,1.0,11.0,Safe,Rank
33,3,Stephen Nedoroscik,6.016,1,11,1.0,11.0,Safe,Rank
33,3,Ilona Maher,5.264,1,11,1.0,11.0,Safe,Rank
33,3,Brooks Nader,5.826,1,11,1.0,11.0,Safe,Rank
33,3,Phaedra Parks,5.175,1,11,1.0,11.0,Safe,Rank
33,3,Jenn Tran,5.708,1,11,1.0,11.0,Safe,Rank
33,3,Joey Graziadei,6.136,1,11,1.0,11.0,Safe,Rank
33,4,Chandler Kinney,4.713846153846154,1,8,1.0,8.0,Safe,Rank
33,4,Dwight Howard ,1.8892307692307693,1,3,1.0,3.0,Safe,Rank
33,4,Danny Amendola,5.046153846153846,1,9,1.0,9.0,Safe,Rank
33,4,Stephen Nedoroscik,5.133846153846154,1,9,1.0,9.0,Safe,Rank
33,4,Ilona Maher,4.672307692307692,1,8,1.0,8.0,Safe,Rank
33,4,Brooks Nader,8.713846153846154,7,9,7.0,9.0,Eliminated,Rank
33,4,Phaedra Parks,4.503076923076923,1,8,1.0,8.0,Safe,Rank
33,4,Jenn Tran,4.849230769230769,1,8,1.0,8.0,Safe,Rank
33,4,Joey Graziadei,5.478461538461539,1,9,1.0,9.0,Safe,Rank
33,5,Chandler Kinney,4.399,1,8,1.0,8.0,Safe,Rank
33,5,Dwight Howard ,3.253,1,7,1.0,6.0,Safe,Rank
33,5,Danny Amendola,4.385,1,8,1.0,8.0,Safe,Rank
33,5,Stephen Nedoroscik,3.482,1,7,1.0,7.0,Safe,Rank
33,5,Ilona Maher,4.577,1,8,1.0,8.0,Safe,Rank
33,5,Phaedra Parks,6.872,4,8,5.0,8.0,Eliminated,Rank
33,5,Jenn Tran,4.464,1,8,1.0,8.0,Safe,Rank
33,5,Joey Graziadei,4.568,1,8,1.0,8.0,Safe,Rank
33,6,Chandler Kinney,4.7439024390243905,1,7,1.0,7.0,Safe,Rank
33,6,Dwight Howard ,4.487804878048781,1,6,1.0,6.0,Safe,Rank
33,6,Danny Amendola,2.7764227642276422,1,4,1.0,4.0,Safe,Rank
33,6,Stephen Nedoroscik,2.654471544715447,1,4,1.0,4.0,Safe,Rank
33,6,Ilona Maher,1.5609756097560976,1,2,1.0,2.0,Safe,Rank
33,6,Jenn Tran,6.91869918699187,6,7,6.0,7.0,Eliminated,Rank
33,6,Joey Graziadei,4.857723577235772,1,7,2.0,7.0,Safe,Rank
33,7,Chandler Kinney,3.576,1,6,1.0,6.0,Safe,Rank
33,7,Dwight Howard ,4.811,1,6,2.0,6.0,Eliminated,Rank
33,7,Danny Amendola,2.869,1,6,1.0,6.0,Safe,Rank
33,7,Stephen Nedoroscik,3.332,1,6,1.0,6.0,Safe,Rank
33,7,Ilona Maher,2.724,1,5,1.0,5.0,Safe,Rank
33,7,Joey Graziadei,3.688,1,6,1.0,6.0,Safe,Rank
33,8,Chandler Kinney,3.111,1,5,1.0,5.0,Safe,Rank
33,8,Danny Amendola,2.932,1,5,1.0,5.0,Safe,Rank
33,8,Stephen Nedoroscik,3.03,1,5,1.0,5.0,Safe,Rank
33,8,Ilona Maher,2.888,1,5,1.0,5.0,Safe,Rank
33,8,Joey Graziadei,3.039,1,5,1.0,5.0,Safe,Rank
33,9,Chandler Kinney,2.954,1,5,1.0,5.0,Safe,Rank
33,9,Danny Amendola,3.026,1,5,1.0,5.0,Safe,Rank
33,9,Stephen Nedoroscik,3.005,1,5,1.0,5.0,Safe,Rank
33,9,Ilona Maher,2.996,1,5,1.0,5.0,Safe,Rank
33,9,Joey Graziadei,3.019,1,5,1.0,5.0,Safe,Rank
34,1,Corey Feldman,7.652,1,14,1.0,14.0,Safe,Rank
34,1,Danielle Fishel,7.659,1,14,1.0,14.0,Safe,Rank
34,1,Elaine Hendrix,7.499,1,14,1.0,14.0,Safe,Rank
34,1,Baron Davis,7.371,1,14,1.0,14.0,Safe,Rank
34,1,Jordan Chiles,7.369,1,14,1.0,14.0,Safe,Rank
34,1,Andy Richter,7.389,1,14,1.0,14.0,Safe,Rank
34,1,Robert Irwin,7.518,1,14,1.0,14.0,Safe,Rank
34,1,Hilaria Baldwin,7.452,1,14,1.0,14.0,Safe,Rank
34,1,Lauren Jauregui,7.565,1,14,1.0,14.0,Safe,Rank
34,1,Scott Hoying,7.566,1,14,1.0,14.0,Safe,Rank
34,1,Alix Earle,7.557,1,14,1.0,14.0,Safe,Rank
34,1,Jen Affleck,7.47,1,14,1.0,14.0,Safe,Rank
34,1,Whitney Leavitt,7.452,1,14,1.0,14.0,Safe,Rank
34,1,Dylan Efron,7.481,1,14,1.0,14.0,Safe,Rank
34,2,Corey Feldman,10.524737631184408,3,14,5.0,14.0,Eliminated,Rank
34,2,Danielle Fishel,6.2833583208395805,1,14,1.0,13.0,Safe,Rank
34,2,Elaine Hendrix,7.544227886056971,1,14,1.0,14.0,Safe,Rank
34,2,Baron Davis,12.226386806596702,6,14,8.0,14.0,Eliminated,Rank
34,2,Jordan Chiles,7.362818590704648,1,14,1.0,14.0,Safe,Rank
34,2,Andy Richter,4.691154422788606,1,11,1.0,10.0,Safe,Rank
34,2,Robert Irwin,7.184407796101949,1,14,1.0,14.0,Safe,Rank
34,2,Hilaria Baldwin,7.565217391304348,1,14,1.0,14.0,Safe,Rank
34,2,Lauren Jauregui,7.337331334332833,1,14,1.0,14.0,Safe,Rank
34,2,Scott Hoying,5.787106446776612,1,13,1.0,12.0,Safe,Rank
34,2,Alix Earle,7.500749625187407,1,14,1.0,14.0,Safe,Rank
34,2,Jen Affleck,7.332833583208396,1,14,1.0,14.0,Safe,Rank
34,2,Whitney Leavitt,7.05247376311844,1,14,1.0,14.0,Safe,Rank
34,2,Dylan Efron,6.607196401799101,1,14,1.0,13.0,Safe,Rank
34,3,Danielle Fishel,6.162,1,12,1.0,12.0,Safe,Rank
34,3,Elaine Hendrix,6.236,1,12,1.0,12.0,Safe,Rank
34,3,Jordan Chiles,6.514,1,12,1.0,12.0,Safe,Rank
34,3,Andy Richter,4.812,1,11,1.0,10.0,Safe,Rank
34,3,Robert Irwin,6.403,1,12,1.0,12.0,Safe,Rank
34,3,Hilaria Baldwin,6.447,1,12,1.0,12.0,Safe,Rank
34,3,Lauren Jauregui,10.106,5,12,6.0,12.0,Eliminated,Rank
34,3,Scott Hoying,6.352,1,12,1.0,12.0,Safe,Rank
34,3,Alix Earle,6.651,1,12,1.0,12.0,Safe,Rank
34,3,Jen Affleck,5.586,1,12,1.0,12.0,Safe,Rank
34,3,Whitney Leavitt,6.422,1,12,1.0,12.0,Safe,Rank
34,3,Dylan Efron,6.309,1,12,1.0,12.0,Safe,Rank
34,4,Danielle Fishel,3.7346938775510203,1,6,1.0,6.0,Safe,Rank
34,4,Elaine Hendrix,7.224489795918367,1,11,1.0,11.0,Safe,Rank
34,4,Jordan Chiles,6.877551020408164,1,11,1.2000000000000002,10.0,Safe,Rank
34,4,Andy Richter,2.3877551020408165,1,4,1.0,4.0,Safe,Rank
34,4,Robert Irwin,4.591836734693878,1,7,1.0,7.0,Safe,Rank
34,4,Hilaria Baldwin,10.795918367346939,9,11,9.2,11.0,Eliminated,Rank
34,4,Scott Hoying,3.36734693877551,1,6,1.0,6.0,Safe,Rank
34,4,Alix Earle,7.183673469387755,1,11,2.0,10.799999999999997,Safe,Rank
34,4,Jen Affleck,7.26530612244898,1,10,1.2000000000000002,10.0,Safe,Rank
34,4,Whitney Leavitt,6.285714285714286,1,11,1.0,10.0,Safe,Rank
34,4,Dylan Efron,6.285714285714286,1,10,1.0,10.0,Safe,Rank
34,5,Danielle Fishel,5.179,1,10,1.0,10.0,Safe,Rank
34,5,Elaine Hendrix,5.85,1,10,1.0,10.0,Safe,Rank
34,5,Jordan Chiles,5.84,1,10,1.0,10.0,Safe,Rank
34,5,Andy Richter,4.459,1,9,1.0,9.0,Safe,Rank
34,5,Robert Irwin,5.451,1,10,1.0,10.0,Safe,Rank
34,5,Scott Hoying,4.86,1,10,1.0,10.0,Safe,Rank
34,5,Alix Earle,6.056,1,10,1.0,10.0,Safe,Rank
34,5,Jen Affleck,5.944,1,10,1.0,10.0,Safe,Rank
34,5,Whitney Leavitt,5.495,1,10,1.0,10.0,Safe,Rank
34,5,Dylan Efron,5.866,1,10,1.0,10.0,Safe,Rank
34,6,Danielle Fishel,5.44,1,10,1.0,10.0,Safe,Rank
34,6,Elaine Hendrix,5.382,1,10,1.0,10.0,Safe,Rank
34,6,Jordan Chiles,5.568,1,10,1.0,10.0,Safe,Rank
34,6,Andy Richter,3.669,1,8,1.0,8.0,Safe,Rank
34,6,Robert Irwin,5.436,1,10,1.0,10.0,Safe,Rank
34,6,Scott Hoying,8.351,3,10,5.0,10.0,Eliminated,Rank
34,6,Alix Earle,5.2,1,10,1.0,10.0,Safe,Rank
34,6,Jen Affleck,5.133,1,10,1.0,10.0,Safe,Rank
34,6,Whitney Leavitt,5.498,1,10,1.0,10.0,Safe,Rank
34,6,Dylan Efron,5.323,1,10,1.0,10.0,Safe,Rank
34,7,Danielle Fishel,4.916,1,9,1.0,9.0,Safe,Rank
34,7,Elaine Hendrix,3.67,1,7,1.0,7.0,Safe,Rank
34,7,Jordan Chiles,5.164,1,9,1.0,9.0,Safe,Rank
34,7,Andy Richter,3.028,1,6,1.0,6.0,Safe,Rank
34,7,Robert Irwin,5.123,1,9,1.0,9.0,Safe,Rank
34,7,Alix Earle,4.875,1,9,1.0,9.0,Safe,Rank
34,7,Jen Affleck,8.069,5,9,6.0,9.0,Eliminated,Rank
34,7,Whitney Leavitt,5.164,1,9,1.0,9.0,Safe,Rank
34,7,Dylan Efron,4.991,1,9,1.0,9.0,Safe,Rank
34,8,Danielle Fishel,6.782,3,8,4.0,8.0,Eliminated,Rank
34,8,Elaine Hendrix,3.883,1,8,1.0,8.0,Safe,Rank
34,8,Jordan Chiles,4.572,1,8,1.0,8.0,Safe,Rank
34,8,Andy Richter,2.854,1,6,1.0,6.0,Safe,Rank
34,8,Robert Irwin,4.433,1,8,1.0,8.0,Safe,Rank
34,8,Alix Earle,4.366,1,8,1.0,8.0,Safe,Rank
34,8,Whitney Leavitt,4.6,1,8,1.0,8.0,Safe,Rank
34,8,Dylan Efron,4.51,1,8,1.0,8.0,Safe,Rank
34,9,Elaine Hendrix,3.032,1,7,1.0,7.0,Safe,Rank
34,9,Jordan Chiles,3.651,1,7,1.0,7.0,Safe,Rank
34,9,Andy Richter,5.108,1,7,2.0,7.0,Eliminated,Rank
34,9,Robert Irwin,4.045,1,7,1.0,7.0,Safe,Rank
34,9,Alix Earle,3.89,1,7,1.0,7.0,Safe,Rank
34,9,Whitney Leavitt,4.224,1,7,1.0,7.0,Safe,Rank
34,9,Dylan Efron,4.05,1,7,1.0,7.0,Safe,Rank
34,10,Elaine Hendrix,2.5157894736842104,2,3,2.0,3.0,Safe,Rank
34,10,Jordan Chiles,2.4842105263157896,2,3,2.0,3.0,Safe,Rank
34,10,Robert Irwin,4.457894736842105,4,5,4.0,5.0,Safe,Rank
34,10,Alix Earle,4.542105263157895,4,5,4.0,5.0,Safe,Rank
34,10,Whitney Leavitt,6.0,6,6,6.0,6.0,Eliminated,Rank
34,10,Dylan Efron,1.0,1,1,1.0,1.0,Safe,Rank
34,11,Elaine Hendrix,3.057,1,5,1.0,5.0,Safe,Rank
34,11,Jordan Chiles,3.015,1,5,1.0,5.0,Safe,Rank
34,11,Robert Irwin,3.414,1,5,1.0,5.0,Safe,Rank
34,11,Alix Earle,3.49,1,5,1.0,5.0,Safe,Rank
34,11,Dylan Efron,2.024,1,3,1.0,3.0,Safe,Rank
