season,season_date_range,celebrity_name,result_text,relative_interest
1,2005年6⽉-7⽉,Kelly Monaco,Winner,100.0
1,2005年6⽉-7⽉,Rachel Hunter,4th place,9.0
1,2005年6⽉-7⽉,Trista Sutter,6th place,2.0
1,2005年6⽉-7⽉,Evander Holyfield,5th place,2.0
1,2005年6⽉-7⽉,Joey McIntyre,3rd place,2.0
1,2005年6⽉-7⽉,John O'Hurley,Runner-up,0.0
2,2006年1⽉-2⽉,Stacy Keibler,Third place,42.0
2,2006年1⽉-2⽉,Tia Carrere,Eliminated 5th,32.0
2,2006年1⽉-2⽉,Master P,Eliminated 4th,23.0
2,2006年1⽉-2⽉,Lisa Rinna,Eliminated 7th,13.0
2,2006年1⽉-2⽉,George Hamilton,Eliminated 6th,7.0
2,2006年1⽉-2⽉,Giselle Fernandez,Eliminated 3rd,7.0
2,2006年1⽉-2⽉,Jerry Rice,Runners-up,6.0
2,2006年1⽉-2⽉,Drew Lachey,Winner,4.0
2,2006年1⽉-2⽉,Kenny Mayne,Eliminated 1st,2.0
2,2006年1⽉-2⽉,Tatum O'Neal,Eliminated 2nd,0.0
3,2006年9⽉-11⽉,Mario Lopez,Runners-up,15.0
3,2006年9⽉-11⽉,Joey Lawrence,Third place,8.0
3,2006年9⽉-11⽉,Shanna Moakler,Eliminated 2nd,7.0
3,2006年9⽉-11⽉,Willa Ford,Eliminated 5th,7.0
3,2006年9⽉-11⽉,Jerry Springer,Eliminated 6th,6.0
3,2006年9⽉-11⽉,Monique Coleman,Eliminated 7th,2.0
3,2006年9⽉-11⽉,Emmitt Smith,Winner,2.0
3,2006年9⽉-11⽉,Tucker Carlson,Eliminated 1st,1.0
3,2006年9⽉-11⽉,Harry Hamlin,Eliminated 3rd,0.0
3,2006年9⽉-11⽉,Vivica A. Fox,Eliminated 4th,0.0
3,2006年9⽉-11⽉,Sara Evans,Withdrew,0.0
4,2007年3⽉-5⽉,Apolo Anton Ohno,Winner,100.0
4,2007年3⽉-5⽉,Billy Ray Cyrus,Eliminated 7th,46.0
4,2007年3⽉-5⽉,Joey Fatone,Runners-up,20.0
4,2007年3⽉-5⽉,Heather Mills,Eliminated 5th,18.0
4,2007年3⽉-5⽉,Laila Ali,Third place,12.0
4,2007年3⽉-5⽉,Ian Ziering,Eliminated 8th,5.0
4,2007年3⽉-5⽉,Paulina Porizkova,Eliminated 1st,4.0
4,2007年3⽉-5⽉,Leeza Gibbons,Eliminated 3rd,3.0
4,2007年3⽉-5⽉,Clyde Drexler,Eliminated 4th,2.0
4,2007年3⽉-5⽉,John Ratzenberger,Eliminated 6th,2.0
4,2007年3⽉-5⽉,Shandi Finnessey,Eliminated 2nd,1.0
5,2007年9⽉-11⽉,Mel B,Runners-up,100.0
5,2007年9⽉-11⽉,Marie Osmond,Third place,63.0
5,2007年9⽉-11⽉,Mark Cuban,Eliminated 5th,49.0
5,2007年9⽉-11⽉,Wayne Newton,Eliminated 3rd,46.0
5,2007年9⽉-11⽉,Josie Maran,Eliminated 1st,36.0
5,2007年9⽉-11⽉,Jane Seymour,Eliminated 7th,31.0
5,2007年9⽉-11⽉,Sabrina Bryan,Eliminated 6th,28.0
5,2007年9⽉-11⽉,Jennie Garth,Eliminated 9th,19.0
5,2007年9⽉-11⽉,Albert Reed,Eliminated 2nd,16.0
5,2007年9⽉-11⽉,Cameron Mathison,Eliminated 8th,4.0
5,2007年9⽉-11⽉,Floyd Mayweather Jr.,Eliminated 4th,0.0
5,2007年9⽉-11⽉,Hélio Castroneves,Winner,0.0
6,2008年3⽉-5⽉,Jason Taylor,Runners-up,100.0
6,2008年3⽉-5⽉,Mario,Eliminated 8th,100.0
6,2008年3⽉-5⽉,Priscilla Presley,Eliminated 5th,100.0
6,2008年3⽉-5⽉,Kristi Yamaguchi,Winners,80.0
6,2008年3⽉-5⽉,Adam Carolla,Eliminated 4th,60.0
6,2008年3⽉-5⽉,Shannon Elizabeth,Eliminated 7th,25.0
6,2008年3⽉-5⽉,Penn Jillette,Eliminated 1st,20.0
6,2008年3⽉-5⽉,Marlee Matlin,Eliminated 6th,15.0
6,2008年3⽉-5⽉,Cristián de la Fuente,Third place,10.0
6,2008年3⽉-5⽉,Marissa Jaret Winokur,Eliminated 9th,10.0
6,2008年3⽉-5⽉,Steve Guttenberg,Eliminated 3rd,10.0
6,2008年3⽉-5⽉,Monica Seles,Eliminated 2nd,10.0
7,2008年9⽉-11⽉,Toni Braxton,Eliminated 5th,100.0
7,2008年9⽉-11⽉,Cloris Leachman,Eliminated 6th,84.0
7,2008年9⽉-11⽉,Susan Lucci,Eliminated 7th,77.0
7,2008年9⽉-11⽉,Brooke Burke,Winner,76.0
7,2008年9⽉-11⽉,Cody Linley,Eliminated 9th,26.0
7,2008年9⽉-11⽉,Warren Sapp,Runners-up,16.0
7,2008年9⽉-11⽉,Lance Bass,Third place,16.0
7,2008年9⽉-11⽉,Rocco DiSpirito,Eliminated 4th,16.0
7,2008年9⽉-11⽉,Misty May-Treanor,Withdrew,10.0
7,2008年9⽉-11⽉,Maurice Greene,Eliminated 8th,2.0
8,2009年3⽉9⽇ - 2009年5⽉19⽇,Shawn Johnson,Winner,45.0
8,2009年3⽉9⽇ - 2009年5⽉19⽇,Gilles Marini,Runner-up,35.0
8,2009年3⽉9⽇ - 2009年5⽉19⽇,Melissa Rycroft,3rd Place,30.0
8,2009年3⽉9⽇ - 2009年5⽉19⽇,Lil' Kim,5th Place,28.0
8,2009年3⽉9⽇ - 2009年5⽉19⽇,Lawrence Taylor,7th Place,25.0
8,2009年3⽉9⽇ - 2009年5⽉19⽇,Steve-O,8th Place,22.0
8,2009年3⽉9⽇ - 2009年5⽉19⽇,Chuck Wicks,6th Place,18.0
8,2009年3⽉9⽇ - 2009年5⽉19⽇,David Alan Grier,9th Place,15.0
8,2009年3⽉9⽇ - 2009年5⽉19⽇,Steve Wozniak,10th Place,12.0
8,2009年3⽉9⽇ - 2009年5⽉19⽇,Ty Murray,4th Place,10.0
8,2009年3⽉9⽇ - 2009年5⽉19⽇,Holly Madison,11th Place,8.0
8,2009年3⽉9⽇ - 2009年5⽉19⽇,Denise Richards,12th Place,6.0
8,2009年3⽉9⽇ - 2009年5⽉19⽇,Belinda Carlisle,13th Place,4.0
9,2009年9⽉-11⽉,Chuck Liddell,Eliminated 5th,14.0
9,2009年9⽉-11⽉,Melissa Joan Hart,Eliminated 7th,12.0
9,2009年9⽉-11⽉,Joanna Krupa,Eliminated 12th,9.0
9,2009年9⽉-11⽉,Louie Vito,Eliminated 8th,7.0
9,2009年9⽉-11⽉,Aaron Carter,Eliminated 11th,6.0
9,2009年9⽉-11⽉,Natalie Coughlin,Eliminated 6th,5.0
9,2009年9⽉-11⽉,Donny Osmond,Winner,4.0
9,2009年9⽉-11⽉,Kathy Ireland,Eliminated 3rd,4.0
9,2009年9⽉-11⽉,Tom DeLay,Withdrew,4.0
9,2009年9⽉-11⽉,Kelly Osbourne,Third place,4.0
9,2009年9⽉-11⽉,Michael Irvin,Eliminated 9th,3.0
9,2009年9⽉-11⽉,Debi Mazar,Eliminated 4th,1.0
9,2009年9⽉-11⽉,Ashley Hamilton,Eliminated 1st,1.0
9,2009年9⽉-11⽉,Mark Dacascos,Eliminated 10th,1.0
9,2009年9⽉-11⽉,Mýa,Runners-up,0.0
9,2009年9⽉-11⽉,Macy Gray,Eliminated 2nd,
10,2010年3⽉-5⽉,Nicole Scherzinger,Winner,24.0
10,2010年3⽉-5⽉,Kate Gosselin,Eliminated 4th,23.0
10,2010年3⽉-5⽉,Erin Andrews,Third place,16.0
10,2010年3⽉-5⽉,Pamela Anderson,Eliminated 6th,13.0
10,2010年3⽉-5⽉,Jake Pavelka,Eliminated 5th,8.0
10,2010年3⽉-5⽉,Buzz Aldrin,Eliminated 2nd,4.0
10,2010年3⽉-5⽉,Chad Ochocinco,Eliminated 8th,3.0
10,2010年3⽉-5⽉,Shannen Doherty,Eliminated 1st,3.0
10,2010年3⽉-5⽉,Evan Lysacek,Runners-up,2.0
10,2010年3⽉-5⽉,Aiden Turner,Eliminated 3rd,2.0
10,2010年3⽉-5⽉,Niecy Nash,Eliminated 7th,1.0
11,2010年9⽉20⽇ - 2010年11⽉23⽇,The Situation,9th Place,100.0
11,2010年9⽉20⽇ - 2010年11⽉23⽇,Bristol Palin,3rd Place,65.0
11,2010年9⽉20⽇ - 2010年11⽉23⽇,Jennifer Grey,Winner,55.0
11,2010年9⽉20⽇ - 2010年11⽉23⽇,Audrina Patridge,7th Place,45.0
11,2010年9⽉20⽇ - 2010年11⽉23⽇,Brandy,4th Place,35.0
11,2010年9⽉20⽇ - 2010年11⽉23⽇,Florence Henderson,8th Place,28.0
11,2010年9⽉20⽇ - 2010年11⽉23⽇,Kurt Warner,5th Place,22.0
11,2010年9⽉20⽇ - 2010年11⽉23⽇,Kyle Massey,Runner-up,18.0
11,2010年9⽉20⽇ - 2010年11⽉23⽇,Rick Fox,6th Place,15.0
11,2010年9⽉20⽇ - 2010年11⽉23⽇,Margaret Cho,10th Place,12.0
11,2010年9⽉20⽇ - 2010年11⽉23⽇,Michael Bolton,11th Place,8.0
11,2010年9⽉20⽇ - 2010年11⽉23⽇,David Hasselhoff,12th Place,5.0
12,2011年3⽉-5⽉,Romeo,Eliminated 7th,75.0
12,2011年3⽉-5⽉,Kirstie Alley,Runner-up,25.0
12,2011年3⽉-5⽉,Kendra Wilkinson,Eliminated 6th,25.0
12,2011年3⽉-5⽉,Wendy Williams,Eliminated 2nd,22.0
12,2011年3⽉-5⽉,Mike Catherwood,Eliminated 1st,19.0
12,2011年3⽉-5⽉,Sugar Ray Leonard,Eliminated 3rd,13.0
12,2011年3⽉-5⽉,Chris Jericho,Eliminated 5th,11.0
12,2011年3⽉-5⽉,Ralph Macchio,Eliminated 8th,9.0
12,2011年3⽉-5⽉,Chelsea Kane,Third place,8.0
12,2011年3⽉-5⽉,Petra Němcová,Eliminated 4th,8.0
12,2011年3⽉-5⽉,Hines Ward,Winner,7.0
13,2011年9⽉-11⽉,Rob Kardashian,Runners-up,20.0
13,2011年9⽉-11⽉,Kristin Cavallari,Eliminated 3rd,10.0
13,2011年9⽉-11⽉,J.R. Martinez,Winner,9.0
13,2011年9⽉-11⽉,Elisabetta Canalis,Eliminated 2nd,8.0
13,2011年9⽉-11⽉,Nancy Grace,Eliminated 8th,6.0
13,2011年9⽉-11⽉,Chynna Phillips,Eliminated 4th,6.0
13,2011年9⽉-11⽉,Hope Solo,Eliminated 9th,5.0
13,2011年9⽉-11⽉,Chaz Bono,Eliminated 6th,5.0
13,2011年9⽉-11⽉,Metta World Peace,Eliminated 1st,2.0
13,2011年9⽉-11⽉,Carson Kressley,Eliminated 5th,2.0
13,2011年9⽉-11⽉,David Arquette,Eliminated 7th,1.0
13,2011年9⽉-11⽉,Ricki Lake,Third place,1.0
14,2012年3⽉-5⽉,William Levy,Third place,19.0
14,2012年3⽉-5⽉,Jack Wagner,Eliminated 2nd,15.0
14,2012年3⽉-5⽉,Maria Menounos,Eliminated 9th,9.0
14,2012年3⽉-5⽉,Gavin DeGraw,Eliminated 4th,9.0
14,2012年3⽉-5⽉,Melissa Gilbert,Eliminated 8th,8.0
14,2012年3⽉-5⽉,Gladys Knight,Eliminated 5th,8.0
14,2012年3⽉-5⽉,Katherine Jenkins,Runner-up,6.0
14,2012年3⽉-5⽉,Jaleel White,Eliminated 6th,5.0
14,2012年3⽉-5⽉,Martina Navratilova,Eliminated 1st,5.0
14,2012年3⽉-5⽉,Donald Driver,Winner,3.0
14,2012年3⽉-5⽉,Roshon Fegan,Eliminated 7th,3.0
14,2012年3⽉-5⽉,Sherri Shepherd,Eliminated 3rd,2.0
15,"2012年9⽉-11⽉, 全明星赛",Kirstie Alley,Eliminated 7th,100.0
15,"2012年9⽉-11⽉, 全明星赛",Pamela Anderson,Eliminated 1st,94.0
15,"2012年9⽉-11⽉, 全明星赛",Kelly Monaco,Third place,62.0
15,"2012年9⽉-11⽉, 全明星赛",Emmitt Smith,Eliminated 10th,61.0
15,"2012年9⽉-11⽉, 全明星赛",Bristol Palin,Eliminated 5th,57.0
15,"2012年9⽉-11⽉, 全明星赛",Shawn Johnson,Runners-up,45.0
15,"2012年9⽉-11⽉, 全明星赛",Sabrina Bryan,Eliminated 6th,45.0
15,"2012年9⽉-11⽉, 全明星赛",Gilles Marini,Eliminated 8th,41.0
15,"2012年9⽉-11⽉, 全明星赛",Melissa Rycroft,Winner,29.0
15,"2012年9⽉-11⽉, 全明星赛",Joey Fatone,Eliminated 2nd,13.0
15,"2012年9⽉-11⽉, 全明星赛",Drew Lachey,Eliminated 3rd,13.0
15,"2012年9⽉-11⽉, 全明星赛",Apolo Anton Ohno,Eliminated 9th,6.0
15,"2012年9⽉-11⽉, 全明星赛",Hélio Castroneves,Eliminated 4th,0.0
16,2013年3⽉-5⽉,Kellie Pickler,Winner,100.0
16,2013年3⽉-5⽉,Zendaya,Runners-up,88.0
16,2013年3⽉-5⽉,Jacoby Jones,Third place,44.0
16,2013年3⽉-5⽉,Sean Lowe,Eliminated 6th,31.0
16,2013年3⽉-5⽉,Andy Dick,Eliminated 5th,25.0
16,2013年3⽉-5⽉,Lisa Vanderpump,Eliminated 2nd,22.0
16,2013年3⽉-5⽉,Dorothy Hamill,Withdrew,21.0
16,2013年3⽉-5⽉,Victor Ortiz,Eliminated 4th,13.0
16,2013年3⽉-5⽉,Wynonna Judd,Eliminated 1st,11.0
16,2013年3⽉-5⽉,Alexandra Raisman,Eliminated 8th,8.0
16,2013年3⽉-5⽉,Ingo Rademacher,Eliminated 7th,6.0
16,2013年3⽉-5⽉,D.L. Hughley,Eliminated 3rd,5.0
17,2013年9⽉-11⽉,Amber Riley,Winner,40.0
17,2013年9⽉-11⽉,Corbin Bleu,Runners-up,30.0
17,2013年9⽉-11⽉,Bill Nye,Eliminated 2nd,12.0
17,2013年9⽉-11⽉,Leah Remini,Eliminated 8th,10.0
17,2013年9⽉-11⽉,Brant Daugherty,Eliminated 6th,7.0
17,2013年9⽉-11⽉,Christina Milian,Eliminated 4th,6.0
17,2013年9⽉-11⽉,Jack Osbourne,Third place,5.0
17,2013年9⽉-11⽉,Valerie Harper,Eliminated 3rd,5.0
17,2013年9⽉-11⽉,Bill Engvall,Eliminated 9th,4.0
17,2013年9⽉-11⽉,Keyshawn Johnson,Eliminated 1st,1.0
17,2013年9⽉-11⽉,Nicole Polizzi,Eliminated 5th,1.0
17,2013年9⽉-11⽉,Elizabeth Berkley Lauren,Eliminated 7th,0.0
18,2014年3⽉-5⽉,Meryl Davis,Winner,100.0
18,2014年3⽉-5⽉,Amy Purdy,Runners-up,76.0
18,2014年3⽉-5⽉,James Maslow,Eliminated 8th,75.0
18,2014年3⽉-5⽉,Candace Cameron Bure,Third place,62.0
18,2014年3⽉-5⽉,Charlie White,Eliminated 7th,50.0
18,2014年3⽉-5⽉,Danica McKellar,Eliminated 6th,45.0
18,2014年3⽉-5⽉,NeNe Leakes,Eliminated 5th,38.0
18,2014年3⽉-5⽉,Cody Simpson,Eliminated 3rd,25.0
18,2014年3⽉-5⽉,Drew Carey,Eliminated 4th,13.0
18,2014年3⽉-5⽉,Billy Dee Williams,Withdrew,12.0
18,2014年3⽉-5⽉,Sean Avery,Eliminated 2nd,8.0
18,2014年3⽉-5⽉,Diana Nyad,Eliminated 1st,5.0
19,2014年9⽉-11⽉,Bethany Mota,Eliminated 10th,23.0
19,2014年9⽉-11⽉,Sadie Robertson,Runners-up,20.0
19,2014年9⽉-11⽉,Lea Thompson,Eliminated 8th,15.0
19,2014年9⽉-11⽉,Janel Parrish,Third place,12.0
19,2014年9⽉-11⽉,Tommy Chong,Eliminated 9th,11.0
19,2014年9⽉-11⽉,Betsey Johnson,Eliminated 4th,11.0
19,2014年9⽉-11⽉,Lolo Jones,Eliminated 1st,10.0
19,2014年9⽉-11⽉,Jonathan Bennett,Eliminated 5th,9.0
19,2014年9⽉-11⽉,Alfonso Ribeiro,Winner,8.0
19,2014年9⽉-11⽉,Michael Waltrip,Eliminated 7th,7.0
19,2014年9⽉-11⽉,Randy Couture,Eliminated 3rd,4.0
19,2014年9⽉-11⽉,Tavis Smiley,Eliminated 2nd,3.0
19,2014年9⽉-11⽉,Antonio Sabàto Jr.,Eliminated 6th,0.0
20,2015年3⽉-5⽉,Charlotte McKinney,Eliminated 2nd,18.0
20,2015年3⽉-5⽉,Rumer Willis,Winner,10.0
20,2015年3⽉-5⽉,Robert Herjavec,Eliminated 7th,9.0
20,2015年3⽉-5⽉,Chris Soules,Eliminated 8th,9.0
20,2015年3⽉-5⽉,Patti LaBelle,Eliminated 5th,8.0
20,2015年3⽉-5⽉,Suzanne Somers,Eliminated 4th,7.0
20,2015年3⽉-5⽉,Willow Shields,Eliminated 6th,6.0
20,2015年3⽉-5⽉,Redfoo,Eliminated 1st,5.0
20,2015年3⽉-5⽉,Michael Sam,Eliminated 3rd,4.0
20,2015年3⽉-5⽉,Riker Lynch,Runner-up,4.0
20,2015年3⽉-5⽉,Noah Galloway,Third place,2.0
20,2015年3⽉-5⽉,Nastia Liukin,Eliminated 9th,2.0
21,2015年9⽉-11⽉,Bindi Irwin,Winner,21.0
21,2015年9⽉-11⽉,Tamar Braxton,Withdrew,12.0
21,2015年9⽉-11⽉,Paula Deen,Eliminated 4th,10.0
21,2015年9⽉-11⽉,Nick Carter,Runners-up,9.0
21,2015年9⽉-11⽉,Chaka Khan,Eliminated 1st,7.0
21,2015年9⽉-11⽉,Hayes Grier,Eliminated 5th,6.0
21,2015年9⽉-11⽉,Gary Busey,Eliminated 3rd,6.0
21,2015年9⽉-11⽉,Andy Grammer,Eliminated 6th,4.0
21,2015年9⽉-11⽉,Alek Skarlatos,Third place,3.0
21,2015年9⽉-11⽉,Carlos PenaVega,Eliminated 8th,3.0
21,2015年9⽉-11⽉,Alexa PenaVega,Eliminated 7th,2.0
21,2015年9⽉-11⽉,Victor Espinoza,Eliminated 2nd,1.0
21,2015年9⽉-11⽉,Kim Zolciak-Biermann,Withdrew,0.0
22,2016年3⽉-5⽉,Paige VanZant,Runners-up,19.0
22,2016年3⽉-5⽉,Nyle DiMarco,Winner,16.0
22,2016年3⽉-5⽉,Antonio Brown,Eliminated 8th/9th,16.0
22,2016年3⽉-5⽉,Ginger Zee,Third place,13.0
22,2016年3⽉-5⽉,Jodie Sweetin,Eliminated 7th,12.0
22,2016年3⽉-5⽉,Marla Maples,Eliminated 3rd,10.0
22,2016年3⽉-5⽉,Mischa Barton,Eliminated 2nd,8.0
22,2016年3⽉-5⽉,Kim Fields,Eliminated 5th/6th,8.0
22,2016年3⽉-5⽉,Von Miller,Eliminated 5th/6th,8.0
22,2016年3⽉-5⽉,Doug Flutie,Eliminated 4th,6.0
22,2016年3⽉-5⽉,Geraldo Rivera,Eliminated 1st,5.0
22,2016年3⽉-5⽉,Wanyá Morris,Eliminated 8th/9th,0.0
23,2016年9⽉-11⽉,Amber Rose,9th place,21.0
23,2016年9⽉-11⽉,Ryan Lochte,7th place,11.0
23,2016年9⽉-11⽉,Jana Kramer,4th place,9.0
23,2016年9⽉-11⽉,Vanilla Ice,10th place,8.0
23,2016年9⽉-11⽉,Laurie Hernandez,Winner,4.0
23,2016年9⽉-11⽉,Maureen McCormick,8th place,4.0
23,2016年9⽉-11⽉,Marilu Henner,6th place,3.0
23,2016年9⽉-11⽉,James Hinchcliffe,Runner-up,2.0
23,2016年9⽉-11⽉,Rick Perry,12th place,2.0
23,2016年9⽉-11⽉,Calvin Johnson Jr.,3rd place,0.0
23,2016年9⽉-11⽉,Jake T. Austin,13th place,0.0
23,2016年9⽉-11⽉,"Kenny ""Babyface"" Edmonds",11th place,0.0
23,2016年9⽉-11⽉,Terra Jol\u00e9,5th place,0.0
24,2017年3⽉-5⽉,Simone Biles,Eliminated 9th,15.0
24,2017年3⽉-5⽉,David Ross,Runners-up,13.0
24,2017年3⽉-5⽉,Normani,Third place,11.0
24,2017年3⽉-5⽉,Nancy Kerrigan,Eliminated 6th & 7th,11.0
24,2017年3⽉-5⽉,Erika Jayne,Eliminated 4th,11.0
24,2017年3⽉-5⽉,Bonner Bolton,Eliminated 8th,10.0
24,2017年3⽉-5⽉,Rashad Jennings,Winner,9.0
24,2017年3⽉-5⽉,Nick Viall,Eliminated 6th & 7th,9.0
24,2017年3⽉-5⽉,Heather Morris,Eliminated 5th,7.0
24,2017年3⽉-5⽉,Charo,Eliminated 2nd,5.0
24,2017年3⽉-5⽉,Mr. T,Eliminated 3rd,4.0
24,2017年3⽉-5⽉,Chris Kattan,Eliminated 1st,1.0
25,2017年9⽉-11⽉,Nikki Bella,Eliminated 6th & 7th,100.0
25,2017年9⽉-11⽉,Sasha Pieterse,Eliminated 4th,49.0
25,2017年9⽉-11⽉,Nick Lachey,Eliminated 5th,35.0
25,2017年9⽉-11⽉,Lindsey Stirling,Runners-up,28.0
25,2017年9⽉-11⽉,Vanessa Lachey,Eliminated 6th & 7th,27.0
25,2017年9⽉-11⽉,Frankie Muniz,Third place,26.0
25,2017年9⽉-11⽉,Terrell Owens,Eliminated 8th,26.0
25,2017年9⽉-11⽉,Debbie Gibson,Eliminated 2nd,24.0
25,2017年9⽉-11⽉,Jordan Fisher,Winner,22.0
25,2017年9⽉-11⽉,Barbara Corcoran,Eliminated 1st,12.0
25,2017年9⽉-11⽉,Derek Fisher,Eliminated 3rd,10.0
25,2017年9⽉-11⽉,Drew Scott,Eliminated 10th,9.0
25,2017年9⽉-11⽉,Victoria Arlen,Eliminated 9th,9.0
26,"2018年4⽉-5⽉, 运动员特辑",Tonya Harding,Runner-up,30.0
26,"2018年4⽉-5⽉, 运动员特辑",Adam Rippon,Winner,15.0
26,"2018年4⽉-5⽉, 运动员特辑",Mirai Nagasu,4th place,10.0
26,"2018年4⽉-5⽉, 运动员特辑",Josh Norman,Runner-up,5.0
26,"2018年4⽉-5⽉, 运动员特辑",Jennie Finch Daigle,5th place,5.0
26,"2018年4⽉-5⽉, 运动员特辑",Johnny Damon,9th place,5.0
26,"2018年4⽉-5⽉, 运动员特辑",Arike Ogunbowale,8th place,4.0
26,"2018年4⽉-5⽉, 运动员特辑",Kareem Abdul-Jabbar,7th place,3.0
26,"2018年4⽉-5⽉, 运动员特辑",Chris Mazdzer,6th place,2.0
26,"2018年4⽉-5⽉, 运动员特辑",Jamie Anderson,10th place,2.0
27,2018年9⽉-11⽉,Tinashe,Eliminated 4th,100.0
27,2018年9⽉-11⽉,John Schneider,Eliminated 6th & 7th,100.0
27,2018年9⽉-11⽉,Bobby Bones,Winners,100.0
27,2018年9⽉-11⽉,Alexis Ren,Fourth place,65.0
27,2018年9⽉-11⽉,Milo Manheim,Runners-up,47.0
27,2018年9⽉-11⽉,DeMarcus Ware,Eliminated 6th & 7th,39.0
27,2018年9⽉-11⽉,Evanna Lynch,Third place,24.0
27,2018年9⽉-11⽉,Juan Pablo Di Pace,Eliminated 8th & 9th,18.0
27,2018年9⽉-11⽉,Joe Amabile,Eliminated 8th & 9th,10.0
27,2018年9⽉-11⽉,Nikki Glaser,Eliminated 1st,0.0
27,2018年9⽉-11⽉,Danelle Umstead,Eliminated 2nd,0.0
27,2018年9⽉-11⽉,Nancy McKeon,Eliminated 3rd,0.0
27,2018年9⽉-11⽉,Mary Lou Retton,Eliminated 5th,0.0
28,2019年9⽉-11⽉,James Van Der Beek,Eliminated 7th,23.0
28,2019年9⽉-11⽉,Hannah Brown,Winner,21.0
28,2019年9⽉-11⽉,Sean Spicer,Eliminated 6th,10.0
28,2019年9⽉-11⽉,Lamar Odom,Eliminated 2nd,8.0
28,2019年9⽉-11⽉,Ray Lewis,Withdrew,7.0
28,2019年9⽉-11⽉,Kate Flannery,Eliminated 5th,5.0
28,2019年9⽉-11⽉,Lauren Alaina,Fourth place,5.0
28,2019年9⽉-11⽉,Ally Brooke,Third place,5.0
28,2019年9⽉-11⽉,Kel Mitchell,Runners-up,4.0
28,2019年9⽉-11⽉,Sailor Brinkley-Cook,Eliminated 3rd,3.0
28,2019年9⽉-11⽉,Karamo Brown,Eliminated 4th,2.0
28,2019年9⽉-11⽉,Mary Wilson,Eliminated 1st,1.0
29,2020年9⽉14⽇ - 2020年11⽉23⽇,Carole Baskin,Eliminated 2nd,55.0
29,2020年9⽉14⽇ - 2020年11⽉23⽇,Nelly,3rd Place,32.0
29,2020年9⽉14⽇ - 2020年11⽉23⽇,Kaitlyn Bristowe,Winner,28.0
29,2020年9⽉14⽇ - 2020年11⽉23⽇,Jeannie Mai,Withdrew,25.0
29,2020年9⽉14⽇ - 2020年11⽉23⽇,Skai Jackson,Eliminated 10th,22.0
29,2020年9⽉14⽇ - 2020年11⽉23⽇,Nev Schulman,Runner-Up,18.0
29,2020年9⽉14⽇ - 2020年11⽉23⽇,AJ McLean,Eliminated 9th,16.0
29,2020年9⽉14⽇ - 2020年11⽉23⽇,Anne Heche,Eliminated 4th,15.0
29,2020年9⽉14⽇ - 2020年11⽉23⽇,Johnny Weir,Eliminated 11th,14.0
29,2020年9⽉14⽇ - 2020年11⽉23⽇,Justina Machado,4th Place,12.0
29,2020年9⽉14⽇ - 2020年11⽉23⽇,Jesse Metcalfe,Eliminated 5th,11.0
29,2020年9⽉14⽇ - 2020年11⽉23⽇,Vernon Davis,Eliminated 6th,9.0
29,2020年9⽉14⽇ - 2020年11⽉23⽇,Charles Oakley,Eliminated 1st,8.0
30,2021年9⽉20⽇ - 2021年11⽉22⽇,JoJo Siwa,Runner-Up,48.0
30,2021年9⽉20⽇ - 2021年11⽉22⽇,Suni Lee,5th Place,35.0
30,2021年9⽉20⽇ - 2021年11⽉22⽇,Olivia Jade,Eliminated 8th,28.0
30,2021年9⽉20⽇ - 2021年11⽉22⽇,Iman Shumpert,Winner,26.0
30,2021年9⽉20⽇ - 2021年11⽉22⽇,Melanie C,Eliminated 4th,22.0
30,2021年9⽉20⽇ - 2021年11⽉22⽇,The Miz,Eliminated 7th,18.0
30,2021年9⽉20⽇ - 2021年11⽉22⽇,Matt James,Eliminated 4th,15.0
30,2021年9⽉20⽇ - 2021年11⽉22⽇,Amanda Kloots,4th Place,14.0
30,2021年9⽉20⽇ - 2021年11⽉22⽇,Cody Rigsby,3rd Place,13.0
30,2021年9⽉20⽇ - 2021年11⽉22⽇,Brian Austin Green,Eliminated 3rd,12.0
30,2021年9⽉20⽇ - 2021年11⽉22⽇,Kenya Moore,Eliminated 6th,11.0
30,2021年9⽉20⽇ - 2021年11⽉22⽇,Christine Chiu,Eliminated 2nd,9.0
30,2021年9⽉20⽇ - 2021年11⽉22⽇,Martin Kove,Eliminated 1st,8.0
31,2022年9⽉19⽇ - 2022年11⽉21⽇,Charli D'Amelio,Winner,65.0
31,2022年9⽉19⽇ - 2022年11⽉21⽇,Selma Blair,Withdrew,42.0
31,2022年9⽉19⽇ - 2022年11⽉21⽇,Teresa Giudice,Eliminated 2nd,25.0
31,2022年9⽉19⽇ - 2022年11⽉21⽇,Gabby Windey,Runner-Up,22.0
31,2022年9⽉19⽇ - 2022年11⽉21⽇,Wayne Brady,3rd Place,18.0
31,2022年9⽉19⽇ - 2022年11⽉21⽇,Vinny Guadagnino,Eliminated 9th,16.0
31,2022年9⽉19⽇ - 2022年11⽉21⽇,Jordin Sparks,Eliminated 8th,15.0
31,2022年9⽉19⽇ - 2022年11⽉21⽇,Shangela,4th Place,14.0
31,2022年9⽉19⽇ - 2022年11⽉21⽇,Jessie James Decker,Eliminated 6th,13.0
31,2022年9⽉19⽇ - 2022年11⽉21⽇,Heidi D'Amelio,Eliminated 7th,12.0
31,2022年9⽉19⽇ - 2022年11⽉21⽇,Joseph Baena,Eliminated 5th,11.0
31,2022年9⽉19⽇ - 2022年11⽉21⽇,Sam Champion,Eliminated 4th,9.0
31,2022年9⽉19⽇ - 2022年11⽉21⽇,Cheryl Ladd,Eliminated 3rd,8.0
31,2022年9⽉19⽇ - 2022年11⽉21⽇,Jason Lewis,Eliminated 1st,6.0
32,2023年9⽉26⽇ - 2023年12⽉5⽇,Ariana Madix,3rd Place,32.0
32,2023年9⽉26⽇ - 2023年12⽉5⽇,Jamie Lynn Spears,Eliminated 2nd,28.0
32,2023年9⽉26⽇ - 2023年12⽉5⽇,Harry Jowsey,Eliminated 9th,25.0
32,2023年9⽉26⽇ - 2023年12⽉5⽇,Xochitl Gomez,Winner,22.0
32,2023年9⽉26⽇ - 2023年12⽉5⽇,Jason Mraz,Runner-Up,20.0
32,2023年9⽉26⽇ - 2023年12⽉5⽇,Alyson Hannigan,5th Place,18.0
32,2023年9⽉26⽇ - 2023年12⽉5⽇,Barry Williams,Eliminated 8th,15.0
32,2023年9⽉26⽇ - 2023年12⽉5⽇,Lele Pons,Eliminated 7th,14.0
32,2023年9⽉26⽇ - 2023年12⽉5⽇,Mauricio Umansky,Eliminated 6th,13.0
32,2023年9⽉26⽇ - 2023年12⽉5⽇,Charity Lawson,4th Place,12.0
32,2023年9⽉26⽇ - 2023年12⽉5⽇,Adrian Peterson,Eliminated 4th,11.0
32,2023年9⽉26⽇ - 2023年12⽉5⽇,Tyson Beckford,Eliminated 3rd,9.0
32,2023年9⽉26⽇ - 2023年12⽉5⽇,Matt Walsh,Eliminated 1st,7.0
33,2024年9⽉17⽇ - 2024年11⽉26⽇,Anna Delvey,Eliminated 1st,35.0
33,2024年9⽉17⽇ - 2024年11⽉26⽇,Joey Graziadei,Winner,28.0
33,2024年9⽉17⽇ - 2024年11⽉26⽇,Stephen Nedoroscik,4th Place,24.0
33,2024年9⽉17⽇ - 2024年11⽉26⽇,Ilona Maher,3rd Place,22.0
33,2024年9⽉17⽇ - 2024年11⽉26⽇,Jenn Tran,Eliminated 7th,18.0
33,2024年9⽉17⽇ - 2024年11⽉26⽇,Dwight Howard,Eliminated 6th,15.0
33,2024年9⽉17⽇ - 2024年11⽉26⽇,Phaedra Parks,Eliminated 8th,14.0
33,2024年9⽉17⽇ - 2024年11⽉26⽇,Chandler Kinney,Runner-Up,12.0
33,2024年9⽉17⽇ - 2024年11⽉26⽇,Danny Amendola,5th Place,10.0
33,2024年9⽉17⽇ - 2024年11⽉26⽇,Brooks Nader,Eliminated 5th,9.0
33,2024年9⽉17⽇ - 2024年11⽉26⽇,Reginald VelJohnson,Eliminated 4th,7.0
33,2024年9⽉17⽇ - 2024年11⽉26⽇,Eric Roberts,Eliminated 3rd,6.0
33,2024年9⽉17⽇ - 2024年11⽉26⽇,Tori Spelling,Eliminated 2nd,5.0
34,2025年9⽉16⽇ - 2025年11⽉25⽇,Robert Irwin,Winner,25.0
34,2025年9⽉16⽇ - 2025年11⽉25⽇,Alix Earle,Runner-Up,18.0
34,2025年9⽉16⽇ - 2025年11⽉25⽇,Whitney Leavitt,Eliminated 9th,16.0
34,2025年9⽉16⽇ - 2025年11⽉25⽇,Danielle Fishel,Eliminated 7th,15.0
34,2025年9⽉16⽇ - 2025年11⽉25⽇,Jen Affleck,Eliminated 6th,14.0
34,2025年9⽉16⽇ - 2025年11⽉25⽇,Hilaria Baldwin,Eliminated 4th,13.0
34,2025年9⽉16⽇ - 2025年11⽉25⽇,Andy Richter,Eliminated 8th,12.0
34,2025年9⽉16⽇ - 2025年11⽉25⽇,Corey Feldman,Eliminated 1st,11.0
34,2025年9⽉16⽇ - 2025年11⽉25⽇,Dylan Efron,4th Place,10.0
34,2025年9⽉16⽇ - 2025年11⽉25⽇,Lauren Jauregui,Eliminated 3rd,9.0
34,2025年9⽉16⽇ - 2025年11⽉25⽇,Jordan Chiles,3rd Place,8.0
34,2025年9⽉16⽇ - 2025年11⽉25⽇,Scott Hoying,Eliminated 5th,8.0
34,2025年9⽉16⽇ - 2025年11⽉25⽇,Elaine Hendrix,5th Place,7.0
34,2025年9⽉16⽇ - 2025年11⽉25⽇,Baron Davis,Eliminated 2nd,5.0
